,GD,LNC,TXT,TAP,DDS,C,CI,CVX,ECL,FMC,GPC,HAL,HAS,HD,JPM,KMB,LHX,LLY,LOW,MMM,CLX,IP,NWL,BAX,PCAR,VFC,WHR,AON,PG,HSY,Date
1990-01-31,5.078,13.6875,5.375,9.25,21.7083,20.1725,5.4861,16.75,3.1563,4.4151,16.9444,10.0066,5.5185,1.735,8.5417,15.5186,5.6487,15.7813,0.8516,18.795,9.688,23.5707,11.625,5.7371,3.285,3.7503,30.5,11.0,8.0,7.9688,1990-01-31
1990-02-28,4.688,13.25,5.7813,9.1875,21.8333,20.7516,5.6528,16.7813,3.0625,4.2402,17.0,10.6618,5.5926,1.963,8.5417,14.8119,5.8767,15.0938,0.8164,19.276,9.594,23.3373,11.375,6.0089,3.6715,3.6032,31.75,11.0741,8.0,7.25,1990-02-28
1990-03-30,4.688,13.875,5.6563,9.0625,24.4583,21.2342,5.625,16.875,3.0,4.284,16.7778,10.8107,5.7037,2.259,7.8333,15.2241,6.7632,16.1563,1.0273,19.577,9.938,23.5707,12.3125,5.8579,3.854,3.662,30.625,11.1111,8.4688,7.9375,1990-03-30
1990-04-30,4.344,13.125,6.0,11.5625,23.9167,22.1994,5.1111,16.4688,2.7188,3.7302,17.5556,10.1853,5.1481,2.309,7.7917,15.2241,6.2566,16.4375,1.0781,19.096,9.531,23.1623,13.0,5.0426,3.3709,3.5591,28.125,10.3333,8.8281,8.0625,1990-04-30
1990-05-31,4.438,13.6875,6.125,12.8125,30.625,25.1915,5.7778,17.5,3.1094,4.3277,18.3889,11.7637,6.2963,2.988,9.125,16.667,7.0925,19.5625,1.4766,19.878,10.625,24.5042,14.625,5.6767,3.5641,3.5444,29.75,11.6296,10.3281,8.75,1990-05-31
1990-06-29,4.016,13.8438,5.9375,13.1875,29.3333,26.3497,5.5694,17.5938,3.2813,3.8468,17.6667,11.4659,5.4444,2.846,8.5,16.8732,6.9659,20.7813,1.5195,20.81,10.531,23.7457,16.0,5.7975,3.6071,3.0738,28.125,11.1111,10.8906,9.4063,1990-06-29
1990-07-31,3.344,13.375,5.6875,12.25,28.5,24.9019,5.2222,19.8438,3.375,4.386,16.3333,13.0741,5.1111,2.537,7.6667,18.1394,6.206,20.8125,0.9336,21.742,10.969,26.3128,14.9375,6.19,3.4997,2.8973,27.125,10.8519,10.8438,9.6563,1990-07-31
1990-08-31,3.109,11.5313,5.0313,12.375,26.5417,21.5237,4.6944,18.9688,2.75,4.0945,15.9444,12.6274,4.2963,2.509,7.2083,17.4327,4.8635,18.7813,0.7539,18.945,9.375,22.2288,13.0,5.7069,2.6624,2.3237,23.125,10.3704,9.625,9.5,1990-08-31
1990-09-28,2.953,11.125,5.125,12.0625,26.125,15.8291,4.1944,18.5,2.3281,3.4534,15.7778,12.2402,3.5926,2.25,5.1667,16.0781,3.6983,17.875,0.6172,18.554,8.469,20.3034,9.4375,5.8277,2.6194,1.8237,20.125,9.1111,9.1094,9.0313,1990-09-28
1990-10-31,2.984,7.8438,5.5938,12.25,24.4167,13.9953,3.7639,17.0938,2.5469,3.1328,15.6667,10.6618,3.8519,2.176,3.375,17.7271,3.0397,16.8438,0.6016,19.005,8.188,21.7037,10.3125,6.1296,2.4262,1.7501,18.25,9.3333,9.8281,8.625,1990-10-31
1990-11-30,2.922,10.3125,6.0625,9.25,29.2083,17.4699,4.4167,17.4688,2.6563,3.4825,16.5,11.3468,4.5556,2.648,3.7917,18.6694,3.9516,18.4375,0.6445,19.547,8.969,22.9872,12.0625,6.7939,2.6409,1.8531,23.25,10.2222,10.3594,8.75,1990-11-30
1990-12-31,3.156,10.75,6.875,10.25,29.125,17.663,4.5278,18.1563,2.6563,3.7157,16.8889,10.8703,4.6296,2.88,3.5833,19.7884,4.0276,18.3125,0.7656,20.629,9.438,24.9709,12.375,6.7637,2.7697,2.1619,23.625,10.2963,10.8281,9.375,1990-12-31
1991-01-31,3.594,11.25,6.9688,10.9375,30.0,20.3655,4.9167,17.8438,2.8906,4.0508,16.7222,10.8107,5.5556,3.231,4.375,19.8179,4.6102,19.5,0.7969,20.419,9.469,27.4797,14.9375,7.1261,3.4568,2.6473,24.875,9.7037,9.9063,9.9375,1991-01-31
1991-02-28,3.125,12.25,7.375,10.5625,32.0833,23.7437,5.4167,18.8125,3.0938,4.3131,18.2222,12.8061,7.2222,3.611,5.5,20.2596,4.9901,19.75,0.9102,21.291,9.844,28.6465,14.25,7.5488,3.3924,3.0443,25.5,10.2963,10.1563,9.9688,1991-02-28
1991-03-28,4.188,12.8125,7.7813,11.4375,34.4583,23.5506,5.9167,19.375,3.4063,4.3568,17.3333,11.0192,7.2222,4.0,5.7917,20.6718,5.1421,19.625,0.9688,21.291,9.875,28.4715,16.0,8.0319,3.4353,3.1473,29.375,10.9259,10.6406,10.2188,1991-03-28
1991-04-30,4.703,12.1875,7.9375,11.1875,37.7083,22.682,5.4722,19.3125,3.4063,5.1728,17.1667,9.8875,8.3333,4.259,6.8333,21.4374,5.2687,19.1875,1.0352,21.441,9.656,29.3466,15.4375,8.2735,3.6071,3.2797,30.125,10.8889,10.4844,10.0313,1991-04-30
1991-05-31,4.797,12.2188,8.75,11.75,43.5417,24.4193,5.7778,18.4688,3.2656,4.9105,18.6667,10.6916,9.0741,4.88,7.125,22.8215,5.4461,19.875,1.0781,22.915,10.188,32.9639,17.6875,8.3037,4.2727,3.6473,33.375,12.1111,10.6406,10.9688,1991-05-31
1991-06-28,5.234,11.4688,8.0313,11.1875,40.4583,21.4272,5.1806,17.5938,3.4531,5.1291,19.0556,8.6962,8.2222,5.014,7.125,22.4975,5.2434,17.9688,0.9805,22.524,9.813,32.9056,16.75,7.7904,3.8003,3.3826,32.125,11.1852,9.6719,10.1875,1991-06-28
1991-07-31,5.625,11.4063,8.3125,10.25,41.9583,24.4193,4.9444,18.0313,3.6094,5.3622,19.0,9.411,8.4444,5.389,8.5417,22.6742,5.2687,19.0938,1.0703,21.11,9.938,32.4388,18.75,8.3641,4.1439,3.3973,35.625,11.2963,10.0938,10.4688,1991-07-31
1991-08-30,5.313,12.4375,8.3438,9.9375,43.75,25.9636,4.7222,17.9375,3.8125,5.6245,18.3889,9.3216,8.0,5.986,8.8333,22.6742,4.8128,21.0313,1.0742,20.9,10.375,32.4972,20.6875,8.6056,4.1439,3.8091,37.0,11.2222,10.4375,10.4688,1991-08-30
1991-09-30,5.797,12.2813,8.75,9.125,44.0417,27.4114,5.0278,18.375,4.1563,5.5371,19.6667,8.1304,8.6667,6.042,8.4583,21.0841,4.6355,19.9375,1.0508,21.682,10.188,31.7971,21.8125,8.1225,4.1439,4.2503,38.25,10.963,10.6094,9.7188,1991-09-30
1991-10-31,6.516,13.1563,9.2188,9.1875,40.4167,28.087,5.7778,18.6563,3.9219,5.9888,19.6667,8.041,10.6296,6.264,8.25,22.6448,5.0914,19.2188,0.8086,21.892,9.969,35.4727,21.8125,9.0586,4.015,4.368,36.875,11.1481,10.4531,10.3125,1991-10-31
1991-11-29,6.094,12.9688,9.2188,9.625,41.9167,25.1915,5.7917,16.6875,3.7969,5.3914,19.1111,7.1178,10.5185,6.694,7.0417,21.7614,4.8128,18.375,0.8438,20.87,9.281,31.1553,19.875,8.817,3.9721,4.1327,33.625,10.9259,10.125,9.5,1991-11-29
1991-12-31,6.719,13.6875,9.9063,10.5,41.1667,30.4035,6.7778,17.25,3.7188,5.5808,21.6667,6.7902,12.0,7.486,7.1667,23.8816,5.4461,20.9375,1.0625,22.915,10.594,33.0223,22.875,9.6625,4.1653,4.6621,38.875,11.7407,11.7344,11.0938,1991-12-31
1992-01-31,7.266,14.4063,9.0938,10.5,41.1667,32.0443,6.0,15.9063,3.7969,5.5517,20.4444,6.2839,11.7037,6.847,9.375,22.4386,5.6234,19.7188,1.2813,21.892,11.906,33.7224,24.4375,9.0888,4.6806,4.6621,42.0,12.4074,12.9688,10.2188,1992-01-31
1992-02-28,7.359,14.0625,9.0625,9.625,43.25,32.0443,6.0972,15.4063,3.3594,5.6245,20.9444,6.5519,11.5185,7.153,11.2083,24.441,6.4086,18.7188,1.2109,21.892,12.0,34.4808,23.9375,8.6962,5.11,4.971,44.0,12.6667,12.7031,10.5625,1992-02-28
1992-03-31,8.094,14.0313,9.0938,9.0,41.6667,31.0791,5.6528,16.0,4.2813,5.4351,21.2222,5.4798,10.5556,7.208,10.9167,25.03,6.1047,17.75,1.1797,21.351,11.625,34.3642,22.5625,8.7264,4.6592,5.2357,44.75,12.1111,12.7813,10.0313,1992-03-31
1992-04-30,8.172,13.2813,9.0313,9.1875,39.7917,31.3687,5.75,17.4375,4.4219,5.3331,22.0,6.0159,11.4444,6.931,11.7083,26.149,5.7754,17.1875,1.1836,22.554,12.25,34.7726,20.75,9.0284,4.8524,5.3533,43.875,13.1111,12.9063,10.3125,1992-04-30
1992-05-29,8.078,14.3125,8.9688,9.9375,41.5417,29.6313,5.7222,17.8438,4.2031,5.7994,21.6667,6.9093,13.1111,7.847,12.1667,27.0913,5.5474,16.5,1.3711,23.005,11.875,32.9056,18.5625,9.3303,5.1744,5.4416,41.125,12.6667,12.8438,10.1563,1992-05-29
1992-06-30,8.922,15.375,9.3438,9.8125,36.875,29.6313,6.1944,16.75,4.0781,5.7994,21.3333,6.3435,12.5556,7.444,12.375,27.5624,5.5727,16.2813,1.2188,23.336,11.344,32.6139,17.875,8.7264,5.0027,5.1769,37.25,13.5926,11.5,10.5,1992-06-30
1992-07-31,9.875,16.1563,9.7188,9.75,37.625,33.9747,6.0833,17.8438,4.2031,5.5954,20.5,7.5347,13.7222,8.354,11.625,26.7968,5.7754,17.6563,1.4766,24.058,11.813,31.1553,19.9375,9.3001,4.788,5.5151,40.0,13.7778,12.6563,10.9375,1992-07-31
1992-08-31,9.563,15.4688,9.125,9.9375,34.875,30.693,5.6667,18.375,4.1875,5.5371,20.1667,8.2793,13.2778,8.896,10.8333,25.7367,5.8513,16.2813,1.1172,23.697,11.188,29.0549,19.8125,8.7264,4.4767,5.5739,35.625,13.2963,11.6875,10.75,1992-08-31
1992-09-30,10.641,16.6875,9.0,9.5625,36.875,33.7816,5.5556,18.5313,4.4375,5.3622,20.0,8.1601,15.1111,9.25,10.9167,25.3834,6.3073,15.6563,1.1563,24.599,10.813,29.8134,18.25,7.9111,4.5733,5.6034,37.625,14.4074,12.3438,11.3125,1992-09-30
1992-10-30,12.75,16.75,9.3438,10.375,41.875,33.0095,5.7083,17.75,4.5313,5.2311,20.5833,7.3263,15.0,9.625,11.4583,26.8557,6.8646,15.4063,1.1875,24.749,10.938,30.2218,20.8125,8.0923,4.8309,5.9122,39.375,14.5185,13.2188,11.4375,1992-10-30
1992-11-30,12.125,17.5313,10.625,10.3125,50.375,36.8703,6.3056,17.1875,4.6875,5.8139,22.0833,7.2369,15.7778,10.167,12.5,28.5047,6.9912,15.6563,1.4141,24.539,11.344,30.4552,21.625,8.3641,5.0242,6.7358,44.5,14.9259,13.5625,11.5,1992-11-30
1992-12-31,12.953,18.5,11.1875,8.25,49.75,37.3528,6.5139,17.375,4.5938,5.7702,22.6667,6.8498,14.5,11.229,12.875,27.798,6.8139,15.1875,1.5078,24.208,11.625,31.0969,20.375,7.8206,4.9168,6.2652,44.625,16.0,13.4375,11.75,1992-12-31
1993-01-29,14.266,18.2188,10.9375,8.375,49.0,41.0206,6.8889,18.1875,4.6563,5.6828,23.6667,6.9093,15.1111,10.854,13.5417,27.1502,7.1432,14.125,1.7266,23.576,11.188,30.1051,19.25,7.3676,5.0564,6.3534,46.125,15.0741,12.4375,12.0625,1993-01-29
1993-02-26,14.719,18.3125,10.9063,8.375,44.375,42.3718,6.8472,19.25,4.7188,5.4205,23.5,8.3686,13.5556,10.583,13.5,26.3846,7.3965,12.875,1.7813,25.381,11.656,29.9884,18.375,7.0355,5.1315,5.8975,49.5,15.1852,13.0,13.0938,1993-02-26
1993-03-31,12.281,20.1875,11.8438,8.8125,46.0,53.4233,6.8889,20.7813,4.8125,5.6682,23.6667,8.6367,13.7778,10.542,13.4583,25.7956,7.6498,12.2188,2.1172,26.343,12.813,29.1716,19.5,7.2469,5.5395,6.1475,53.625,16.7407,12.4688,13.4063,1993-03-31
1993-04-30,11.922,20.0313,11.75,8.6875,38.125,53.2785,6.7639,21.5313,4.6719,5.1145,22.8333,9.6194,14.6111,9.417,12.75,22.5564,7.4725,12.375,1.9063,26.764,12.281,30.6885,19.4375,6.643,5.1959,5.6622,54.5,15.1852,12.2813,12.8438,1993-04-30
1993-05-28,11.781,19.4375,13.0625,8.875,40.875,53.7128,6.5556,22.0313,4.9375,5.2748,24.4167,9.679,15.9444,10.278,12.7917,22.0264,7.2192,12.7813,2.3594,27.155,12.344,31.1553,18.8125,7.1865,4.7665,5.8828,54.0,15.4444,12.2813,13.25,1993-05-28
1993-06-30,11.047,19.4375,14.0313,9.3125,36.25,60.9517,6.7639,21.9375,5.3594,5.2748,23.0833,9.0834,16.7778,9.722,13.625,23.381,7.9031,12.3125,2.4453,25.982,13.031,29.8717,16.625,6.9147,5.2389,5.4269,56.875,15.7407,12.9688,11.75,1993-06-30
1993-07-30,11.281,19.9375,13.2188,9.4375,37.5,62.5443,6.5417,22.0938,5.5469,5.6245,24.25,9.5003,16.5556,9.833,13.75,22.0853,7.8018,11.6563,2.3516,25.26,13.063,29.755,16.25,6.4014,5.3033,5.1769,62.75,16.037,12.1875,11.125,1993-07-30
1993-08-31,11.859,23.3125,14.2813,9.75,35.875,68.5285,7.1944,23.2813,5.5313,5.7557,24.8333,9.679,16.8333,9.472,13.5417,23.0865,8.3084,11.9688,2.5,26.373,13.125,30.3968,18.3125,6.4618,5.4106,5.4122,66.0,16.4444,12.0938,12.125,1993-08-31
1993-09-30,11.516,23.375,14.5313,10.4375,36.0,73.7405,7.2222,24.4375,5.2813,5.7265,25.0,8.8451,17.5,8.556,15.0,23.0865,8.6377,12.5,2.8203,24.749,13.344,28.1214,17.5625,5.3144,5.3033,5.1916,58.875,16.5185,11.875,12.4688,1993-09-30
1993-10-29,11.969,22.75,13.9688,10.4375,36.75,68.1424,7.4583,24.25,5.9219,5.7265,25.25,7.5943,16.1667,8.806,13.3333,24.3233,9.3723,13.5313,2.9141,24.96,13.25,27.6547,20.375,5.7371,5.7971,4.6621,63.875,15.4074,13.5625,13.25,1993-10-29
1993-11-30,11.25,21.75,13.7813,8.6875,41.25,61.7721,7.0278,21.7188,5.5781,5.3768,25.0,7.356,17.1111,9.222,12.8333,24.9122,9.043,14.3438,3.2031,26.223,13.0,31.1553,20.125,5.6767,5.7542,5.1327,59.375,14.6667,14.1875,12.6875,1993-11-30
1993-12-31,11.531,21.75,14.5625,8.125,38.0,60.0348,6.9722,21.7813,5.625,5.4934,25.0833,7.5943,16.1111,8.778,13.375,24.441,9.2203,14.8438,3.7031,26.163,13.563,31.622,20.1875,5.8881,5.2603,5.4269,66.5,14.3333,14.25,12.25,1993-12-31
1994-01-31,11.516,21.25,14.7813,7.9375,35.875,65.0538,7.6806,23.3438,5.7188,5.6245,25.8333,7.6836,14.9444,8.667,13.1667,26.7968,9.8029,14.9688,3.8125,25.802,12.906,35.0643,20.9375,5.7371,6.0,5.4563,67.625,14.5185,14.875,12.0625,1994-01-31
1994-02-28,11.656,20.375,14.5,9.3125,35.625,57.5253,7.2778,21.6875,5.75,5.6974,25.3333,7.4752,15.6667,9.25,12.4167,26.0312,10.3095,13.7813,4.1328,25.351,13.344,33.8974,20.125,5.4955,5.7531,6.0004,67.75,14.7778,14.3438,12.8125,1994-02-28
1994-03-31,10.609,20.125,13.5,9.0625,33.5,54.2437,6.5972,21.0625,5.125,5.5371,23.3333,6.9391,15.4444,9.056,12.125,24.9122,9.5496,12.4375,4.0313,23.847,12.531,31.7971,19.625,5.4653,4.963,5.8828,60.75,14.2222,13.4063,11.5625,1994-03-31
1994-04-29,10.125,19.0625,13.1875,9.3125,33.5,53.6645,6.5,22.25,5.5313,5.5225,23.75,7.0582,15.1111,9.333,11.5833,25.8545,8.891,12.3125,4.4063,23.516,12.625,30.4552,19.5625,5.5257,5.284,5.8975,58.5,13.7407,14.2188,11.1563,1994-04-29
1994-05-31,10.594,20.6875,14.0,9.875,31.0,50.5759,7.6528,21.75,5.5313,5.6245,23.25,7.2369,14.6667,10.028,12.7917,26.6201,9.6003,14.3438,3.9219,24.539,12.844,32.3221,22.6875,6.2202,4.8889,5.7798,53.625,14.7222,14.0938,10.75,1994-05-31
1994-06-30,10.219,21.1875,13.0938,8.75,30.875,49.8038,8.1111,20.9375,5.5,6.3094,24.0833,8.041,13.1667,9.361,12.8333,24.9122,8.9417,14.2188,4.2813,23.817,12.219,30.9219,23.125,6.341,4.5679,5.5887,52.5,15.0556,13.3438,10.8438,1994-06-30
1994-07-29,10.031,18.8125,13.3125,10.0,33.5,51.155,7.6111,22.1875,5.5,6.8485,23.5833,8.1006,13.4444,9.111,12.7917,26.7379,8.8403,12.1563,4.5,25.561,12.438,34.0141,22.3125,6.3712,4.9877,6.0299,50.875,14.7778,13.9375,10.5938,1994-07-29
1994-08-31,11.281,19.25,13.8125,10.1875,28.0,57.1392,7.4444,21.1875,5.7813,6.8194,24.5,7.2071,13.9444,10.056,12.9167,27.9747,9.8029,14.2188,4.5156,26.523,13.031,35.9978,23.8125,6.8543,4.9383,6.2211,54.875,15.2222,15.2188,12.0,1994-08-31
1994-09-30,10.938,18.6875,12.7188,9.25,26.75,50.769,6.8472,20.8125,5.4375,7.2565,23.4167,7.505,13.1667,9.333,11.6667,27.6802,9.8536,14.4688,4.8281,26.584,13.031,36.6395,22.25,6.7939,4.5,5.8093,51.375,14.8333,14.9063,11.25,1994-09-30
1994-10-31,10.594,18.125,12.75,8.625,26.5,53.6645,7.3194,22.5,5.3438,7.1108,24.0833,8.8153,14.6667,10.111,12.6667,24.2644,8.6884,15.5,4.9688,26.644,13.5,34.7726,21.0,6.2806,4.4198,5.9563,52.0,13.8333,15.625,11.8125,1994-10-31
1994-11-30,10.063,19.4375,11.75,7.875,28.125,50.769,7.0417,21.8125,5.0938,6.7902,23.25,8.3091,13.1111,10.278,12.125,23.6165,8.3084,15.6563,4.6719,24.659,14.563,33.3723,21.5,6.2202,4.0741,5.7063,49.875,14.0556,15.625,11.6875,1994-11-30
1994-12-31,,,,,,,,,,,,,,,,,,,,,,,,,,,,,,,1994-12-31
1995-01-31,10.781,18.25,12.9063,8.375,26.25,56.9462,7.5139,22.3125,5.5625,6.7465,24.4167,8.6367,13.3889,10.389,12.9583,22.6742,8.3591,16.4688,4.5938,25.2,14.656,33.1973,22.5,7.1261,4.2469,5.6622,49.875,14.6111,16.3125,12.2188,1995-01-31
1995-02-28,11.781,20.1875,13.6875,8.125,27.5,60.0348,8.4167,23.75,5.7813,6.8194,25.9167,8.8749,14.0,9.972,13.375,24.4999,9.119,16.75,4.2031,26.343,15.094,35.6477,23.875,7.5186,4.3457,6.0593,54.375,15.4444,16.625,12.25,1995-02-28
1995-03-31,11.75,20.125,14.1563,8.1875,27.625,59.6487,8.3056,24.0,6.0625,7.0525,26.5833,8.6664,15.0,9.833,12.5833,24.4999,9.7016,18.2813,4.3125,27.967,15.0,35.0643,25.5,7.9111,4.1975,6.2505,54.75,16.2222,16.5625,12.7813,1995-03-31
1995-04-28,11.594,20.375,14.25,8.1875,25.875,63.8956,8.0694,23.6875,5.75,7.1545,25.8333,9.1429,14.1111,9.278,13.9167,26.679,9.5243,18.6875,3.6094,28.689,14.688,35.9394,23.625,8.3943,4.5432,5.9416,54.75,16.3889,17.4688,13.125,1995-04-28
1995-05-31,10.938,22.625,15.2188,8.625,28.75,65.2468,8.3056,24.5625,6.3438,7.5042,26.1667,9.2918,15.6667,9.25,15.375,28.2692,10.7655,18.6563,3.4063,28.809,14.969,36.6979,24.875,8.4245,4.7531,6.2652,57.125,16.2222,17.9688,12.9063,1995-05-31
1995-06-30,11.094,21.875,14.5313,8.1875,29.375,67.5633,8.625,23.3125,6.125,7.8394,25.25,8.5175,14.1111,9.028,15.75,28.2103,10.4615,19.625,3.7344,27.546,16.313,40.0234,24.5,8.7868,4.6173,6.324,55.0,16.5556,17.9688,13.8125,1995-06-30
1995-07-31,12.188,20.5625,16.625,8.625,31.0,73.1614,8.9583,24.6875,6.7188,8.3931,25.1667,9.679,13.8889,9.75,17.2083,29.8593,11.6014,19.5625,4.6094,27.245,16.406,39.44,25.375,8.9982,5.2346,6.5005,57.75,16.8333,17.2188,14.4063,1995-07-31
1995-08-31,13.156,21.5,17.125,8.5,30.875,74.1266,10.75,24.1875,6.8438,8.9759,26.25,10.0959,14.4444,8.861,19.4167,30.0949,11.6774,20.4688,4.1563,26.283,16.906,38.2148,25.0,9.4209,4.8889,6.4417,54.5,17.3333,17.3438,14.9688,1995-08-31
1995-09-30,,,,,,,,,,,,,,,,,,,,,,,,,,,,,,,1995-09-30
1995-10-31,13.844,22.3125,17.1875,8.9375,27.125,78.2848,11.0139,23.375,7.25,8.3493,26.4167,9.8875,13.5556,8.278,18.9583,34.2175,11.7787,24.1563,3.375,27.365,17.938,34.5392,24.125,9.3303,4.1235,5.6328,53.0,18.2778,20.25,14.9375,1995-10-31
1995-11-30,14.906,23.375,19.1563,10.125,28.875,92.2365,12.2222,24.6875,7.1875,8.6116,26.9167,10.3342,13.5556,9.861,20.0,36.2199,11.6774,24.875,3.9375,31.515,18.938,35.5894,26.375,10.1456,4.321,6.1181,55.5,20.9444,21.5938,15.4375,1995-11-30
1995-12-31,,,,,,,,,,,,,,,,,,,,,,,,,,,,,,,1995-12-31
1996-01-31,14.594,26.4375,19.6563,12.0,29.0,101.9253,13.1806,25.9375,7.5313,8.4951,29.6667,12.9063,18.4444,10.222,22.3333,37.9867,12.6906,28.75,3.8906,31.034,20.656,38.1565,26.375,10.9911,4.5185,5.9416,54.375,24.1667,21.0,17.6875,1996-01-31
1996-02-29,14.906,27.5,19.6875,9.6875,31.25,103.6692,13.1667,27.8125,7.5938,8.5096,28.5,13.7188,15.3333,9.611,23.875,35.9843,13.4758,30.25,3.875,31.335,21.188,33.2556,27.75,11.0515,4.6667,6.324,55.625,23.1111,20.5,18.8438,1996-02-29
1996-03-31,,,,,,,,,,,,,,,,,,,,,,,,,,,,,,,1996-03-31
1996-04-30,15.781,24.125,21.4375,9.5,40.125,95.3369,12.5972,29.0,8.125,8.0871,29.5,14.3438,16.3333,10.528,22.9583,34.2175,12.5133,29.5,4.0469,31.636,20.656,37.223,28.5,10.6891,4.8889,6.7064,60.125,23.8333,21.125,18.9688,1996-04-30
1996-05-31,15.406,23.5,21.1875,9.375,40.0,96.4996,12.7639,29.875,8.125,7.8394,30.3333,13.9063,16.7778,11.361,23.3333,34.3353,13.0959,32.125,4.2813,32.838,21.281,37.223,30.0,10.6891,4.8642,7.1623,56.875,22.3889,21.9688,18.1875,1996-05-31
1996-06-30,,,,,,,,,,,,,,,,,,,,,,,,,,,,,,,1996-06-30
1996-07-31,16.0,21.3125,20.0,9.4375,31.375,98.2436,11.8333,28.9375,7.7188,7.5188,28.25,13.0313,15.9444,11.222,23.1667,35.8076,11.652,28.0,4.0781,32.5,22.719,35.356,32.125,10.055,4.4938,6.574,49.25,21.6111,22.3438,20.5,1996-07-31
1996-08-30,16.031,22.125,21.3438,10.0,34.0,100.8595,12.9028,29.4375,7.5938,7.4605,28.5833,13.1563,16.3333,11.806,24.7917,36.9266,12.4626,28.625,4.5156,34.375,23.406,37.3397,31.125,10.7797,4.4691,6.9123,49.0,22.4444,22.2188,21.7813,1996-08-30
1996-09-30,17.219,21.9375,21.25,10.9688,32.25,114.2299,13.3194,31.3125,8.4375,7.9122,29.1667,12.9063,16.5,12.639,26.7083,41.5203,13.1972,32.25,5.1094,34.938,23.969,39.6734,30.0,11.293,5.4074,7.0741,50.625,24.1111,24.375,25.125,1996-09-30
1996-10-31,17.156,24.25,22.1875,9.75,31.75,126.147,14.5,32.875,9.125,8.5825,29.1667,14.1563,17.2778,12.167,28.5833,43.935,12.6906,35.25,5.0469,38.313,27.281,39.9068,28.375,10.8106,5.5062,7.6918,47.25,25.6667,24.75,24.1875,1996-10-31
1996-11-29,18.438,26.9375,23.8438,9.9375,30.625,139.5174,15.7083,33.5,9.7188,9.0051,30.0,15.0625,18.2778,11.583,31.5,46.0552,13.8811,38.25,5.0781,41.875,26.063,39.6734,31.0,11.0378,6.5679,7.9859,50.0,27.0556,27.1875,24.9375,1996-11-29
1996-12-31,17.625,26.25,23.5625,9.5,30.875,140.6801,15.1806,32.5,9.4063,8.1745,29.6667,15.0625,17.2778,11.139,29.75,44.8773,13.9064,36.5,4.4375,41.438,25.094,37.6897,31.5,10.6482,6.716,7.9418,46.625,27.6111,26.875,21.875,1996-12-31
1997-01-31,17.656,26.8125,24.3438,9.3125,29.875,162.3828,16.8472,33.1875,9.25,8.1745,29.4167,18.0938,17.5556,11.0,30.8333,45.9374,15.4263,43.5625,4.1406,42.625,29.656,38.1565,33.0,11.9793,6.4568,7.8241,50.875,28.7222,28.875,21.125,1997-01-31
1997-02-28,16.813,29.0625,24.6563,10.6875,30.125,166.2583,16.9861,32.25,9.4688,8.0142,31.1667,16.1563,19.0,12.111,33.375,49.9422,14.945,43.6875,4.5625,46.0,29.875,38.9733,37.125,11.9468,6.4815,8.1771,50.5,28.1667,30.0313,22.8125,1997-02-28
1997-03-31,16.844,26.75,26.25,10.625,31.5,148.431,16.2361,34.8125,9.5,7.1399,31.0833,16.9375,18.25,11.889,31.2083,46.8208,15.5783,41.125,4.6719,42.25,28.031,36.2895,33.5,11.2001,6.5926,7.8682,47.625,27.2222,28.75,25.0,1997-03-31
1997-04-30,17.813,28.0,27.8438,11.4375,30.875,171.684,16.7083,34.25,10.1875,7.8248,32.375,17.6563,16.6667,12.889,30.875,48.2932,17.3261,43.9375,4.75,43.5,31.844,39.44,35.0,12.4338,6.9012,8.4859,46.75,29.5556,31.4375,27.125,1997-04-30
1997-05-30,18.719,30.4375,29.625,12.1875,33.75,170.1338,19.3056,35.0,10.4063,8.3931,33.5,19.3438,19.3333,14.0,31.5,47.2331,17.9593,46.5,4.9219,45.875,31.563,44.8076,38.25,13.6999,8.9383,9.1919,49.875,32.5,34.4688,28.0625,1997-05-30
1997-06-30,18.75,32.1875,33.1875,13.3125,34.625,195.5182,19.7222,36.9688,11.9375,9.2601,33.875,19.8125,18.9167,15.319,32.3542,46.8797,17.0221,54.6563,4.6406,51.0,33.0,45.3327,39.625,13.57,9.1728,9.9713,54.563,34.5,35.3125,27.6563,1997-06-30
1997-07-31,22.125,35.5625,35.0313,15.7344,37.8125,223.0341,22.1667,39.5625,11.6719,9.9959,32.625,23.0,20.4583,16.625,37.8542,47.7631,17.6047,56.5,4.7031,47.375,34.906,52.2755,41.9375,15.0147,9.8025,10.5596,50.0,37.3333,38.0313,27.625,1997-07-31
1997-08-29,19.906,33.4688,31.1563,18.4375,40.0,196.8746,20.375,38.7188,11.2656,9.6826,30.875,23.875,17.9167,15.729,37.0625,44.7006,17.6554,52.3125,4.3203,44.938,32.813,49.2417,39.375,13.8135,9.358,10.3978,57.25,33.9583,33.2656,26.6875,1997-08-29
1997-09-30,21.781,34.8125,32.5,18.9375,43.8125,211.6014,20.6944,41.5938,12.1406,10.3456,30.8125,26.0,18.75,17.375,39.3333,46.1141,18.5419,60.2188,4.8594,46.25,37.063,51.4004,40.0,13.57,11.0617,10.8979,66.313,35.25,34.5313,28.25,1997-09-30
1997-10-31,20.297,34.375,28.9063,17.6563,38.375,217.0271,17.25,41.4688,11.8906,9.4203,31.3125,29.8125,19.3333,18.542,38.4583,48.941,17.6807,66.875,5.2031,45.75,35.0,42.0071,38.375,12.0117,8.9012,10.5155,60.625,35.9583,34.0,27.625,1997-10-31
1997-11-28,21.656,35.6875,29.5625,18.0,36.5625,234.8543,18.5833,40.0938,12.75,8.5169,32.0,26.9688,19.375,18.646,36.2083,49.0588,19.2259,63.0625,5.7422,48.719,38.813,44.2825,40.8125,13.148,10.8642,10.8685,54.813,35.2917,38.1563,30.6875,1997-11-28
1997-12-31,21.609,39.0625,31.25,16.625,35.25,250.5501,19.2292,38.5,13.8594,7.8466,33.9375,25.9688,21.0,19.625,36.5,46.4674,18.5926,69.625,5.9609,41.031,39.531,40.2568,42.5,13.0993,10.3704,10.8096,55.0,39.0833,39.9063,30.9688,1997-12-31
1998-01-30,21.563,37.8438,29.9063,15.875,35.125,230.2038,18.8403,37.4063,13.6875,7.8394,33.1875,22.4688,23.0,20.104,35.7292,49.1766,19.3018,67.5,6.3203,41.75,38.313,42.6489,41.0625,14.4628,9.9753,10.0596,57.813,37.2083,39.1875,31.8438,1998-01-30
1998-02-27,21.688,41.875,37.4688,15.625,35.625,259.2699,21.2222,40.5625,14.4063,8.4368,37.0,23.25,24.1667,21.271,41.3542,52.4746,20.543,65.8125,7.3047,42.656,43.875,43.524,45.875,14.7063,12.5062,11.2214,66.813,39.875,42.4688,33.3438,1998-02-27
1998-03-31,21.531,42.4375,38.5,17.5,36.9375,279.0349,22.7778,40.1563,14.5,9.1508,38.125,25.0938,23.5417,22.479,44.9583,47.2331,21.1256,59.625,8.7734,45.594,42.844,43.6991,48.4375,14.3167,11.7654,12.3686,68.563,43.1667,42.1875,35.8125,1998-03-31
1998-04-30,21.125,44.4063,39.125,17.875,36.625,284.5574,22.9931,41.3438,15.8438,9.0415,36.0,27.5,24.5417,23.208,46.1875,47.822,19.6058,69.5625,8.7422,47.188,41.938,48.7166,48.3125,14.3978,11.7284,12.2362,72.0,43.0,41.0938,36.625,1998-04-30
1998-05-29,22.219,44.9375,37.0938,18.75,42.0625,283.6855,22.8333,39.9375,15.4375,8.9103,33.9375,23.6875,25.5,26.188,45.3125,46.703,19.5298,61.4375,9.8984,46.313,41.75,42.9406,48.25,14.8523,10.9074,12.5156,68.313,42.7083,41.9688,34.625,1998-05-29
1998-06-30,23.25,45.6875,35.8438,17.0,41.4375,281.9415,23.0,41.5313,15.5,7.9486,34.5625,22.2813,26.2083,27.688,50.3333,43.2283,18.1113,66.0625,10.1406,41.094,47.688,40.1401,49.8125,13.9758,10.321,12.1186,68.75,46.8333,45.5313,34.5,1998-06-30
1998-07-31,23.781,47.875,36.9375,18.8594,34.375,311.5889,22.0208,41.3125,15.6875,7.4605,34.6875,18.1563,24.125,27.917,50.4167,42.3448,16.0595,67.25,9.625,37.438,51.25,41.6571,51.5,15.5179,8.8395,11.0744,60.5,45.3333,39.6875,31.5625,1998-07-31
1998-08-31,23.781,43.0,31.375,20.625,28.875,206.3695,19.3958,37.0313,13.9063,6.0325,31.3125,13.2813,20.875,25.667,35.3333,35.9254,12.9186,65.5,8.7656,34.25,48.219,34.5392,47.75,13.8297,8.0988,8.9124,49.625,41.7083,38.25,35.0,1998-08-31
1998-09-30,25.094,41.125,30.3125,22.9688,28.3125,174.3968,22.0417,42.0313,14.2188,6.0107,30.0625,14.2813,19.7083,26.333,28.8333,38.1634,12.9692,78.3125,7.9531,36.844,41.25,43.524,46.0625,15.4529,8.1358,8.7359,47.0,43.0,35.4688,34.2188,1998-09-30
1998-10-30,29.594,37.9375,37.1875,25.0,31.0625,218.868,24.3125,40.75,14.9375,5.9524,31.5,17.9688,23.375,29.0,37.875,45.4662,14.2104,80.9375,8.4219,40.0,54.625,43.349,44.0,15.5666,8.6173,9.839,51.25,41.3333,44.4375,33.9063,1998-10-30
1998-11-30,29.031,41.8438,38.8438,24.875,34.375,233.401,25.9375,41.8125,15.4688,6.7756,32.9375,14.6875,23.5,33.167,42.2917,49.5888,15.3756,89.6875,10.5625,40.156,55.531,40.5485,44.25,16.508,8.9877,11.545,56.0,38.4167,43.8125,33.625,1998-11-30
1998-12-31,29.313,40.9063,37.9688,28.2188,28.375,230.2038,25.7708,41.4688,18.0938,6.5279,33.4375,14.8125,24.0833,40.792,45.375,51.3556,14.8437,88.875,12.7969,35.563,58.406,41.8321,41.25,16.7028,8.1235,11.0302,55.375,36.9167,45.6563,31.0938,1998-12-31
1999-01-29,29.063,41.6563,37.2188,32.0313,24.8125,260.7232,27.4583,37.375,19.375,6.3021,31.875,14.8438,24.75,40.25,51.2917,46.9386,15.1983,93.6875,14.5781,38.813,62.563,36.9313,41.5625,18.4234,8.6173,10.0302,44.938,33.8333,45.4375,28.125,1999-01-29
1999-02-26,30.219,47.3438,39.0,29.7813,24.875,273.2216,26.1667,38.4375,19.9375,5.9669,29.9375,14.125,24.7083,39.792,53.0833,44.5239,12.6146,94.6875,14.8281,37.031,59.156,39.2066,42.5,18.2773,8.2716,11.3244,43.5,39.2917,44.75,31.125,1999-02-26
1999-03-31,32.125,49.4375,38.6875,27.0,25.375,297.0559,27.9375,44.2188,17.75,5.7557,28.8125,19.25,28.9375,41.5,54.2083,45.1718,11.6014,84.875,15.125,35.375,58.594,39.3817,47.5,17.1411,8.1358,11.1038,54.375,42.1667,48.9688,28.0,1999-03-31
1999-04-30,35.125,48.0313,46.0625,26.75,27.6875,349.9562,29.0625,49.875,20.9688,7.5771,30.0,21.3125,34.875,39.958,55.1667,57.7751,14.0078,73.625,13.1875,44.5,57.688,49.7668,47.4375,16.3619,11.0617,12.1186,66.375,45.6667,46.9063,26.3125,1999-04-30
1999-05-28,32.875,50.875,44.5313,23.75,35.125,308.101,31.0833,46.3438,21.25,7.7155,33.6875,20.6875,28.75,37.917,48.3333,55.3015,15.325,71.4375,12.9844,42.875,50.469,46.6746,40.5,16.7677,11.1235,10.8243,64.5,43.0,46.6875,27.125,1999-05-28
1999-06-30,34.25,52.3125,41.1563,24.75,35.125,331.3539,29.6667,47.5938,21.8125,7.9632,35.0,22.625,27.9375,42.958,57.75,53.7114,15.8822,71.625,14.1719,43.469,53.406,47.1413,46.5,15.7451,10.5432,10.0596,74.0,41.25,44.625,29.6875,1999-06-30
1999-07-30,33.656,50.0,41.125,26.625,30.8125,310.8623,29.3958,45.625,21.3125,8.1308,31.0625,23.0625,26.0,42.542,51.25,57.4806,12.2853,65.625,13.1875,43.969,56.0,47.7247,43.25,17.839,11.321,9.2948,71.688,37.4375,45.25,29.0,1999-07-30
1999-08-31,31.5,46.875,40.375,28.5313,23.5,309.9903,29.9375,46.125,18.7813,6.7902,28.875,23.1875,24.4375,40.75,55.7917,53.6525,10.6388,74.625,11.3125,47.25,45.25,43.9324,41.0,17.417,10.8889,8.4712,70.688,33.375,49.625,26.7813,1999-08-31
1999-09-30,31.219,37.5625,38.6875,27.0625,20.3125,306.9384,25.9167,44.375,17.0625,5.6245,26.5625,20.5,21.5,45.75,50.25,49.471,11.1961,64.0,12.1875,48.031,38.25,44.8659,28.5625,15.6477,10.0494,7.2947,65.313,29.5625,46.875,24.3438,1999-09-30
1999-10-29,27.719,46.125,38.5938,27.75,18.875,377.5691,24.9167,45.6563,16.9063,4.743,26.0625,18.8438,20.625,50.333,58.25,59.483,9.0937,68.875,13.75,47.531,40.938,49.125,34.625,16.8489,9.3086,7.0741,69.688,35.5,52.4375,25.25,1999-10-29
1999-11-30,25.781,41.6875,35.5313,24.875,18.875,375.8251,27.4167,44.2813,17.3125,5.6537,25.75,19.3438,21.5625,52.708,51.5,60.1898,9.9202,71.75,12.4531,47.781,44.563,48.7166,32.8125,17.5469,8.1235,7.0299,61.0,35.6875,54.0,24.5625,1999-11-30
1999-12-31,26.375,40.0,38.3438,26.25,20.1875,387.5969,26.8542,43.3125,19.5625,6.6809,24.8125,20.125,18.9375,68.563,51.7917,61.4854,12.6069,66.5,14.9375,48.938,50.375,52.6839,29.0,16.3132,8.7531,7.0594,65.063,40.0,54.7813,23.75,1999-12-31
2000-01-31,23.563,36.9375,29.8438,24.25,19.1875,400.6766,23.9167,41.7813,17.5938,6.2657,24.125,18.0,15.0,56.625,53.625,58.364,13.6993,66.875,11.1563,46.813,47.75,44.4575,30.0,16.5892,8.1852,6.1034,58.25,25.875,50.4375,21.25,2000-01-31
2000-02-29,21.625,27.8125,30.5,21.9375,17.375,360.5654,24.6042,37.3438,14.125,5.6318,22.5625,19.0938,15.75,57.813,53.0833,48.7054,15.0574,59.4375,11.9063,44.063,40.438,34.3642,23.125,14.1544,8.5062,5.8093,54.313,20.9375,44.0,21.9688,2000-02-29
2000-03-31,24.875,33.5,30.4375,24.0,16.4375,413.7564,25.25,46.2188,18.3438,6.5862,23.875,20.5,16.6875,64.5,58.125,52.7691,16.3269,63.0,14.5938,44.281,32.5,39.9068,24.8125,16.2808,9.8765,5.6622,58.625,32.25,28.125,24.375,2000-03-31
2000-04-28,29.25,34.8125,30.9688,25.5,13.9375,414.6284,26.5833,42.5625,19.5313,6.7829,26.25,22.0938,15.9375,56.063,48.0417,54.7126,15.2641,77.3125,12.375,43.25,36.75,34.3058,25.1875,17.6898,9.3951,6.6476,65.125,27.0625,29.8125,22.6875,2000-04-28
2000-05-31,29.531,38.75,31.375,28.125,14.9375,433.812,29.6042,46.2188,19.125,7.0816,23.875,25.5,16.375,48.813,49.7917,57.0095,14.4374,76.125,11.6406,42.875,39.625,32.4972,26.25,18.0633,8.2716,6.7505,56.688,35.125,33.25,25.9375,2000-05-31
2000-06-30,26.125,36.125,27.1563,30.2578,12.25,420.2963,31.1667,42.4063,19.5313,6.7611,20.0,23.5938,15.0625,49.938,46.0625,54.0648,15.4707,99.875,10.2656,41.25,44.813,27.8297,25.75,19.0989,7.8395,5.6034,46.625,31.0625,28.625,24.25,2000-06-30
2000-07-31,28.219,43.625,28.5313,31.5,13.6875,492.2349,33.2917,39.5,17.9063,7.0234,20.0625,23.0625,11.375,51.75,49.6875,54.1237,16.1793,103.875,10.5469,45.031,41.313,31.7387,26.9375,21.1192,8.8025,5.1769,43.188,36.0,28.4375,23.125,2000-07-31
2000-08-31,31.469,54.0,28.0313,29.7813,12.8125,542.9552,32.4167,42.25,19.4688,7.9049,20.5625,26.5,12.3321,48.063,55.875,55.1249,14.2012,73.0,11.2031,46.5,36.188,29.755,25.9375,22.6131,8.3827,5.3828,38.0,37.3125,30.9063,21.3438,2000-08-31
2000-09-29,31.406,48.125,23.0625,31.5938,10.625,502.844,34.8,42.625,18.0313,7.8175,19.0625,24.4688,11.4375,53.063,46.1875,52.5924,13.4335,81.125,11.2188,45.563,39.563,26.7795,22.8125,21.6794,7.321,5.8093,38.875,39.25,33.5,27.0625,2000-09-29
2000-10-31,35.781,48.375,25.2188,31.8438,10.5,489.4735,40.65,41.0625,19.5938,8.8593,21.3125,18.5313,10.75,43.0,45.5,62.1922,14.9688,89.375,11.4219,48.313,44.625,34.1891,19.1875,22.3245,8.3086,6.427,43.5,41.4375,35.7188,27.1563,2000-10-31
2000-11-30,38.125,45.1875,25.3125,37.5,11.0,463.314,43.9167,40.9375,21.7188,7.9122,19.1875,16.6875,11.5625,39.188,36.875,65.9025,14.5259,93.6875,10.0156,49.938,44.688,31.622,19.4375,23.5129,9.3827,6.3387,39.125,31.0625,37.4375,31.625,2000-11-30
2000-12-31,,,,,,,,,,,,,,,,,,,,,,,,,,,,,,,2000-12-31
2001-01-31,35.49,44.85,25.5,34.775,15.24,520.5859,37.05,41.64,20.775,8.2019,25.36,20.595,11.88,48.2,54.99,61.0143,14.2661,78.8,13.3625,55.325,33.75,36.0794,27.2,23.8708,9.9506,8.203,52.49,35.15,35.92,29.75,2001-01-31
2001-02-28,34.09,43.87,26.49,33.475,18.8,457.431,36.5567,42.83,20.975,8.9479,26.96,19.91,12.28,42.5,46.66,67.3748,11.8617,79.46,13.97,56.375,35.96,35.1553,26.31,25.0143,9.1605,8.4924,52.87,34.27,35.25,32.045,2001-02-28
2001-03-30,31.37,42.47,28.42,32.72,21.94,418.3662,35.7867,43.9,21.21,8.5842,25.91,18.375,12.9,43.1,44.9,63.9166,11.6916,76.66,14.6125,51.95,31.45,33.6804,26.5,25.5712,8.8519,8.2359,49.99,35.5,31.3,34.66,2001-03-30
2001-04-30,38.54,46.16,26.51,26.0,16.94,457.152,35.5667,48.28,18.915,8.3569,27.0,21.605,12.25,47.1,47.98,55.9729,13.5812,85.0,15.75,59.505,31.83,36.5742,26.96,24.759,9.5842,9.5513,55.77,33.24,30.025,30.205,2001-04-30
2001-05-31,38.76,49.24,28.805,25.95,16.32,476.6845,31.49,48.025,20.44,8.8966,28.57,23.37,15.0,49.29,49.15,56.9624,13.4253,84.7,17.3825,59.29,34.64,35.706,25.27,26.8261,9.4854,9.7325,62.89,35.0,32.12,30.32,2001-05-31
2001-06-29,38.905,51.75,27.52,25.09,15.27,491.4733,31.94,45.25,20.485,7.9921,31.5,17.8,14.45,46.55,44.6,52.6749,12.8537,74.0,18.1375,57.05,33.85,33.3256,25.1,26.6196,10.157,8.5606,62.5,35.0,31.9,30.855,2001-06-29
2001-07-31,40.445,51.03,28.16,25.145,14.84,467.0112,33.4367,45.695,20.02,7.7554,32.92,17.505,16.1,50.37,43.3,57.3016,14.1811,79.28,19.09,55.94,37.38,38.1425,21.68,27.0542,11.6227,8.6148,70.54,35.45,35.51,30.18,2001-07-31
2001-08-31,39.48,49.86,26.195,23.15,17.9,425.5281,30.0,45.375,20.04,7.2845,30.76,13.93,17.34,45.95,39.4,58.4701,13.8552,77.63,18.6,52.05,37.25,37.4517,22.9,28.0321,10.9235,8.1347,66.02,37.15,37.075,32.24,2001-08-31
2001-09-30,,,,,,,,,,,,,,,,,,,,,,,,,,,,,,,2001-09-30
2001-10-31,40.8,42.35,15.825,24.875,12.95,423.3888,24.3,44.275,17.59,5.5324,32.5,12.345,16.57,38.23,35.36,52.3074,16.1935,76.5,17.05,52.19,35.7,33.419,27.64,26.2774,10.4336,7.8171,59.02,38.04,36.89,31.865,2001-10-31
2001-11-30,41.575,47.7,19.825,28.515,16.55,445.5256,30.41,42.505,18.7,6.2423,33.7,10.715,16.45,46.66,37.72,54.8139,15.0692,82.67,22.655,57.29,39.52,37.293,25.65,28.2494,12.0217,8.9371,65.76,35.83,38.73,32.73,2001-11-30
2001-12-31,39.82,48.57,20.73,26.7,16.0,469.5226,30.8833,44.805,20.125,6.9359,36.7,6.55,16.23,51.01,36.35,56.3499,14.4126,78.54,23.205,59.105,39.55,37.6664,27.57,29.1349,12.962,9.1795,73.33,35.52,39.565,33.85,2001-12-31
2002-01-31,44.78,51.5,22.915,26.335,14.38,440.875,30.6667,41.9,21.395,7.7993,35.52,6.875,16.5,50.09,34.05,56.821,16.5289,75.1,23.035,55.4,40.78,39.0013,27.61,30.3301,13.0864,9.5584,72.7,33.3,40.84,35.185,2002-01-31
2002-02-28,45.44,51.21,23.765,30.255,20.1,420.8775,29.9,42.22,23.415,8.1785,36.53,8.23,14.31,50.0,29.25,58.9883,16.1793,75.73,22.625,58.965,43.79,40.8403,31.13,30.14,14.2084,9.8949,75.1,34.63,42.395,35.325,2002-02-28
2002-03-31,,,,,,,,,,,,,,,,,,,,,,,,,,,,,,,2002-03-31
2002-04-30,48.545,47.9,24.59,33.425,24.49,402.7402,36.3333,43.355,21.955,8.3843,34.51,8.495,15.98,46.37,35.1,61.3629,17.1052,66.05,21.145,62.9,44.25,38.6745,31.4,30.9114,14.1175,10.2996,74.95,35.73,45.13,34.0,2002-04-30
2002-05-31,50.3,44.82,23.46,33.37,30.03,401.6241,35.35,43.625,23.84,7.691,36.55,9.275,15.3,41.69,35.95,61.1745,17.8138,64.7,23.58,62.715,45.8,40.2335,34.15,29.173,13.1081,10.0007,71.4,33.43,44.775,33.365,2002-05-31
2002-06-30,,,,,,,,,,,,,,,,,,,,,,,,,,,,,,,2002-06-30
2002-07-31,40.46,36.69,19.7,30.205,23.5,311.9609,30.0,37.5,22.975,5.3382,30.71,6.6,12.25,30.88,24.96,57.5277,15.1684,58.42,18.925,62.915,38.5,37.1716,30.08,21.6814,11.363,9.0783,57.37,23.75,44.495,39.23,2002-07-31
2002-08-30,39.32,37.05,19.425,30.025,24.56,327.5,28.3733,38.315,22.52,6.1333,33.25,7.6,13.15,32.93,26.4,56.3876,15.0928,58.05,20.69,62.475,43.06,35.146,34.6,19.7148,10.4593,9.556,55.31,19.76,44.325,37.875,2002-08-30
2002-09-30,40.665,30.55,17.05,28.15,20.18,296.5,23.5833,34.625,20.865,5.5939,30.64,6.455,11.13,26.1,18.99,53.3722,15.8203,55.34,20.7,54.985,40.18,31.1693,30.87,16.5965,10.0119,8.4665,45.86,20.49,44.69,31.025,2002-09-30
2002-10-31,39.565,30.51,20.5,34.24,16.49,369.5,12.0467,33.815,24.125,6.6273,29.54,8.09,10.22,28.88,20.75,48.5287,12.4616,55.5,20.865,63.47,44.93,32.6069,32.42,13.5923,13.0726,8.6642,46.61,18.33,44.225,32.535,2002-10-31
2002-11-29,40.725,35.14,21.55,32.43,19.32,388.8,14.51,33.515,24.835,6.1398,31.79,10.5,12.82,26.42,25.17,47.4168,12.7167,68.3,20.75,64.925,43.84,36.6395,31.72,17.3788,14.5185,8.9089,53.78,18.24,42.0,32.195,2002-11-29
2002-12-31,39.685,31.58,21.495,30.625,15.86,351.9,13.7067,33.24,24.75,5.9188,30.8,9.355,11.55,23.96,24.0,44.7312,12.4238,63.5,18.75,61.65,41.25,32.6442,30.33,15.2112,13.6681,8.483,52.22,18.89,42.97,33.72,2002-12-31
2003-01-31,33.07,32.25,19.28,30.1,15.0,343.8,14.5567,32.2,24.65,4.3286,29.5,9.38,12.0,20.9,23.34,43.6476,14.7385,60.24,17.09,62.275,38.22,33.3256,27.85,15.309,12.8356,8.29,51.97,18.93,42.785,32.25,2003-01-31
2003-02-28,29.63,28.33,18.065,24.05,13.95,333.4,14.3233,32.085,24.525,3.3645,28.8,10.13,12.11,23.45,22.68,43.1859,14.1528,56.56,19.65,62.685,42.31,32.7002,28.2,15.4231,14.2281,7.9653,49.26,19.45,40.93,32.305,2003-02-28
2003-03-31,27.535,28.0,13.73,24.25,12.92,344.5,15.24,32.325,24.665,3.397,30.51,10.365,13.89,24.36,23.71,42.8372,13.1182,57.15,20.41,65.015,46.17,31.552,28.35,10.1263,14.8948,8.8548,49.03,20.68,44.525,31.33,2003-03-31
2003-04-30,31.035,31.96,14.745,26.765,13.98,392.5,17.4333,31.405,25.545,3.9257,31.97,10.705,16.0,28.13,29.35,46.8985,13.4914,63.82,21.945,63.02,45.22,33.3723,30.48,12.4949,17.3067,9.2572,53.49,22.16,44.925,32.625,2003-04-30
2003-05-30,33.41,34.8,17.425,27.54,13.36,410.2,18.7,35.47,26.875,4.5041,32.87,11.935,16.01,32.49,32.86,48.9339,14.3086,59.77,21.13,63.235,44.66,34.2311,28.5,13.7662,19.6356,8.9583,56.9,25.66,45.91,35.55,2003-05-30
2003-06-30,36.25,35.63,19.51,24.49,13.47,428.0,15.6467,36.1,25.6,4.9027,32.01,11.5,17.49,33.12,34.18,49.1318,14.1953,68.97,21.475,64.49,42.65,33.3536,28.0,14.1247,20.0178,7.9935,63.7,24.08,44.59,34.83,2003-06-30
2003-07-31,39.67,37.34,21.71,25.69,15.07,448.0,15.5933,36.055,24.71,5.1779,30.94,11.085,18.85,31.2,35.05,45.6076,15.2912,65.84,23.78,70.1,43.39,36.5182,23.63,14.9994,22.8741,8.9724,64.78,24.05,43.935,36.405,2003-07-31
2003-08-29,43.055,35.42,22.5,27.575,15.13,433.5,15.8933,36.435,25.79,5.3924,32.02,12.09,18.5,32.16,34.22,48.1612,15.6833,66.53,27.43,71.235,42.85,37.8531,23.75,15.2655,25.2444,9.436,69.58,22.2,43.645,34.95,2003-08-29
2003-09-30,39.03,35.38,19.725,26.88,13.98,455.1,14.8833,35.725,25.25,5.4595,31.98,12.125,18.68,31.85,34.33,48.3591,16.9068,59.4,25.95,69.07,45.87,36.4248,21.67,15.7871,22.1304,9.156,67.77,20.85,46.41,36.34,2003-09-30
2003-10-31,41.85,39.93,24.845,28.025,16.17,474.0,19.0167,37.15,26.89,6.0683,31.82,11.94,21.8,37.07,35.9,49.7631,17.5823,66.62,29.465,78.87,45.3,36.7329,22.8,14.4398,23.3956,9.989,70.47,21.9,49.145,38.55,2003-10-31
2003-11-28,40.435,39.21,24.92,27.555,16.85,470.4,17.8833,37.55,26.22,6.4864,31.48,11.675,22.11,36.76,35.36,51.0918,18.3145,68.56,29.15,79.04,46.92,34.7352,22.87,15.1134,23.7659,9.7113,68.32,21.94,48.12,38.85,2003-11-28
2003-12-31,45.195,40.37,28.53,28.05,16.46,485.4,19.1667,43.195,27.37,7.3942,33.2,13.0,21.28,35.49,36.73,55.6808,17.9271,70.33,27.695,85.03,48.56,40.2428,22.77,16.5802,25.2207,10.1749,72.65,23.94,49.94,38.495,2003-12-31
2004-01-30,45.715,44.15,26.64,28.27,16.96,494.8,20.6733,43.175,27.17,7.4072,32.96,15.075,19.75,35.47,38.89,55.6526,22.9959,68.04,26.775,79.09,48.88,39.4587,24.43,15.836,23.2978,10.0007,75.95,24.57,50.54,37.755,2004-01-30
2004-02-27,46.06,46.43,27.67,33.89,17.6,502.6,18.4767,44.175,27.31,8.1243,34.73,15.98,21.87,36.31,41.02,60.9483,22.3204,73.94,28.0,78.02,49.06,41.3163,25.59,15.8197,24.6267,10.5726,72.94,26.23,51.255,41.45,2004-02-27
2004-03-31,44.665,47.32,26.575,34.725,19.16,517.0,19.6733,43.89,28.53,9.2769,32.72,15.195,21.75,37.36,41.95,59.4595,22.8683,66.9,28.065,81.87,48.91,39.4493,23.2,16.7812,24.9956,10.9891,68.87,27.91,52.44,41.425,2004-03-31
2004-04-30,46.81,44.88,27.59,32.855,16.83,480.9,21.5033,45.75,29.8,9.292,35.8,14.9,18.89,35.19,37.6,61.6739,21.2811,73.81,26.03,86.48,51.78,37.6384,23.64,17.1941,25.0933,10.862,65.51,26.06,52.875,44.445,2004-04-30
2004-05-28,47.815,47.49,27.325,32.225,20.01,464.3,22.6,45.2,30.51,8.7894,37.64,14.52,19.66,35.92,36.84,62.0979,21.8432,73.67,26.785,84.56,52.36,39.1413,23.57,17.08,24.8,11.0549,66.53,27.63,53.91,44.365,2004-05-28
2004-06-30,49.65,47.25,29.675,36.17,22.3,465.0,22.9367,47.055,31.7,9.3397,39.68,15.13,19.0,35.2,38.77,62.0791,23.9737,69.91,26.275,90.01,53.78,41.7271,23.5,18.7478,25.7733,11.4597,68.6,28.47,54.44,46.27,2004-06-30
2004-07-30,49.41,43.7,30.65,34.38,22.79,440.9,20.67,47.825,30.5,9.5217,37.73,15.875,18.17,33.72,37.33,60.3735,22.429,63.72,24.36,82.36,49.77,40.3548,21.6,16.3358,26.6489,11.7679,62.44,26.44,52.15,48.44,2004-07-30
2004-08-31,48.82,45.3,31.745,34.245,19.0,465.8,22.1867,48.75,29.92,10.0156,37.91,14.585,18.53,36.56,39.58,62.8518,22.7502,63.45,24.85,82.36,52.84,37.3583,21.53,16.5911,26.7511,11.6103,61.14,25.95,55.97,48.28,2004-08-31
2004-09-30,51.05,47.0,32.135,33.96,19.74,441.2,23.21,53.64,31.44,10.5226,38.38,16.845,18.8,39.2,39.73,60.8635,25.953,60.05,27.175,79.97,53.3,37.7224,20.04,17.4712,30.72,11.6362,60.09,28.74,54.12,46.71,2004-09-30
2004-10-29,51.06,43.8,34.075,33.35,20.49,443.7,21.1533,53.06,33.85,9.5,39.89,18.52,17.69,41.08,38.6,56.2274,29.0661,54.91,28.14,77.57,54.6,35.9488,21.56,16.7106,30.8044,12.6668,58.75,20.41,51.18,50.69,2004-10-29
2004-11-30,54.18,46.02,36.31,37.45,25.18,447.5,23.34,54.6,34.98,10.7349,43.41,20.675,19.03,41.75,37.65,59.94,31.2674,53.33,27.665,79.59,55.12,38.7586,23.08,17.1941,34.7111,12.7045,64.55,21.12,53.48,51.8,2004-11-30
2004-12-31,52.3,46.68,36.9,37.835,26.87,481.8,27.19,52.51,35.13,10.4641,44.06,19.62,19.38,42.74,39.01,63.0744,29.1889,56.75,28.795,82.07,58.93,39.2066,24.19,18.7641,35.7689,13.0316,69.21,23.86,55.08,55.54,2004-12-31
2005-01-31,51.625,46.14,35.99,37.3,26.24,490.5,26.75,54.4,33.65,10.2236,42.33,20.565,19.6,41.26,37.33,62.7869,30.5966,54.24,28.495,84.36,59.42,36.5462,21.52,18.3404,31.4044,12.5068,68.26,22.74,53.23,58.49,2005-01-31
2005-02-28,52.675,46.85,38.675,34.765,23.3,477.2,30.2667,62.08,31.71,10.6937,43.28,21.985,21.12,40.02,36.55,63.2373,31.5083,56.0,29.39,83.94,60.04,34.8659,22.29,19.3726,33.4489,14.0622,63.75,24.51,53.09,63.0,2005-02-28
2005-03-31,53.525,45.14,37.31,38.585,26.9,449.4,29.7667,58.31,33.05,11.5798,43.49,21.625,20.45,38.24,34.6,62.9977,30.847,52.1,28.545,85.69,62.99,34.3431,21.94,18.4599,32.1733,13.9163,67.73,22.84,53.0,60.46,2005-03-31
2005-04-29,52.525,44.97,37.675,30.875,23.27,469.6,30.66,52.0,32.71,10.6158,42.9,20.795,18.92,35.37,35.49,59.8541,26.6427,58.47,26.055,76.47,63.3,32.0094,21.73,20.1549,30.1778,13.3163,62.06,20.85,54.15,63.9,2005-04-29
2005-05-31,53.99,45.53,38.645,29.235,23.92,471.1,32.4167,53.78,32.33,12.0131,42.96,21.37,20.18,39.35,35.75,61.6559,27.1529,58.3,28.605,76.65,58.41,30.0678,22.79,20.0462,31.4444,13.2786,68.8,24.93,55.15,64.21,2005-05-31
2005-06-30,54.77,46.92,37.925,31.0,23.42,462.3,35.6767,55.92,32.36,12.1626,41.09,23.91,20.79,38.9,35.32,59.9883,29.4865,55.71,29.11,72.3,55.72,28.2008,23.84,20.1549,30.2222,13.4645,70.11,25.04,52.75,62.1,2005-06-30
2005-07-29,57.595,48.3,37.085,31.35,22.86,435.0,35.5833,58.01,33.58,13.1029,45.79,28.025,21.94,43.51,35.14,61.1096,35.0229,56.32,33.11,75.0,55.85,29.4983,24.87,21.3337,32.0978,13.8928,79.98,25.44,55.63,63.87,2005-07-29
2005-08-31,57.295,49.59,35.65,32.055,22.51,437.7,38.44,61.4,33.0,12.3403,45.82,30.985,20.7,40.32,33.89,59.7295,36.4778,55.02,32.155,71.15,57.57,28.7982,23.43,21.9096,31.1467,13.9563,76.05,29.92,55.48,59.09,2005-08-31
2005-09-30,59.775,52.02,35.86,32.005,20.88,455.2,39.2867,64.73,31.93,12.3966,42.9,34.26,19.65,38.14,33.93,57.0555,39.4917,53.52,32.2,73.36,55.54,27.818,22.65,21.6597,30.1733,13.641,75.77,32.08,59.46,56.31,2005-09-30
2005-10-31,58.15,50.61,36.02,30.85,20.71,457.8,38.6233,57.07,33.08,11.7943,44.37,29.55,18.84,41.04,36.62,54.4773,38.8303,49.79,30.385,75.98,54.12,27.2393,22.99,20.7688,31.12,12.295,78.5,33.85,55.99,56.83,2005-10-31
2005-11-30,57.15,51.98,39.45,33.295,20.97,485.5,37.5067,57.31,33.27,11.5192,44.31,31.825,20.42,41.78,38.25,56.5283,42.1182,50.5,33.74,78.48,54.28,29.433,23.07,21.1273,31.9378,13.3304,81.85,36.41,57.19,54.22,2005-11-30
2005-12-31,,,,,,,,,,,,,,,,,,,,,,,,,,,,,,,2005-12-31
2006-01-31,58.18,54.53,42.23,31.25,25.9,465.8,40.5333,59.38,35.81,12.2233,42.53,39.775,21.2,40.55,39.75,54.7456,43.866,56.62,31.775,72.75,59.85,30.4598,23.64,20.0191,30.9333,13.0551,80.68,34.22,59.23,51.2,2006-01-31
2006-02-28,61.635,56.77,44.055,31.375,24.67,463.7,40.9167,56.48,36.19,13.1744,44.52,34.0,20.29,42.15,41.14,56.72,43.1574,55.62,34.09,73.59,60.95,30.5905,24.87,20.5623,31.0533,12.8951,89.79,39.61,59.93,51.15,2006-02-28
2006-03-31,63.98,54.59,46.695,34.31,26.04,472.3,43.54,57.97,38.2,13.4278,43.83,36.51,21.1,42.3,41.64,55.3974,44.6785,55.3,32.22,75.69,59.85,32.2708,25.19,21.0838,31.3244,13.3892,91.47,41.51,57.62,52.23,2006-03-31
2006-04-28,65.62,58.08,44.975,36.93,26.08,499.5,35.6667,61.02,37.8,13.7701,43.65,39.075,19.71,39.93,45.38,56.097,43.9983,52.92,31.525,85.43,64.18,33.9324,27.42,20.4808,31.9689,14.3987,89.75,41.91,58.21,53.34,2006-04-28
2006-05-31,63.64,56.18,45.465,32.39,27.22,493.0,30.9133,59.79,38.71,13.989,43.06,37.295,18.54,38.12,42.64,58.1481,38.4713,51.64,31.14,83.66,63.19,31.72,26.46,20.4808,34.1556,14.8082,89.92,35.65,54.25,56.91,2006-05-31
2006-06-30,65.46,56.44,46.09,33.94,31.85,482.4,32.8367,62.06,40.58,13.95,41.66,37.105,18.11,35.79,42.0,59.1353,39.2177,55.27,30.335,80.77,60.97,30.1518,25.83,19.9702,36.6133,15.9824,82.65,34.82,55.6,55.07,2006-06-30
2006-07-31,67.02,56.68,44.955,35.725,30.03,483.1,30.4167,65.78,43.07,13.365,41.64,33.36,18.7,34.71,45.62,58.5123,43.0346,56.77,28.35,70.4,59.94,32.0468,26.36,22.8168,35.8889,15.9588,77.19,34.23,56.2,54.97,2006-07-31
2006-08-31,67.55,60.7,41.93,35.15,31.18,493.5,37.69,64.4,44.58,13.2415,41.33,32.62,20.3,34.29,45.66,60.8604,41.4946,55.93,27.06,71.7,59.81,32.4575,26.99,24.1098,36.4467,16.4459,80.91,34.57,61.9,53.96,2006-08-31
2006-09-29,71.67,62.08,43.75,34.45,32.73,496.7,38.7733,64.86,42.82,13.8806,43.13,28.45,22.75,36.27,46.96,62.6431,42.0331,57.0,28.06,74.42,63.0,32.3268,28.32,24.6965,38.0133,17.166,84.11,33.87,61.98,53.45,2006-09-29
2006-10-31,71.1,63.31,45.465,35.59,30.17,501.6,38.9933,67.2,45.35,14.8512,45.52,32.35,25.92,37.33,47.44,63.7549,40.2475,56.01,30.14,78.84,64.56,31.1319,28.78,24.9736,39.4733,17.886,86.93,34.79,63.39,52.91,2006-10-31
2006-11-30,74.84,63.59,48.725,35.54,35.57,495.9,42.0167,72.32,44.35,15.356,46.89,33.74,26.75,37.97,46.28,63.707,39.7846,53.59,30.16,81.46,64.0,30.8986,28.49,24.3054,43.5333,18.4461,85.3,35.68,62.79,52.97,2006-11-30
2006-12-31,,,,,,,,,,,,,,,,,,,,,,,,,,,,,,,2006-12-31
2007-01-31,78.15,67.14,46.585,40.4,34.34,551.3,44.1333,72.88,43.9,16.866,47.52,29.54,28.4,40.74,50.93,66.5152,48.0136,54.12,33.71,74.3,65.42,31.4587,29.54,26.9782,44.58,17.8531,91.43,35.86,64.87,51.04,2007-01-31
2007-02-28,76.46,68.15,46.145,42.22,33.4,504.0,47.5,68.61,42.3,15.9388,48.7,30.88,28.27,39.6,49.4,65.2788,46.3697,52.64,32.56,74.08,63.36,33.615,30.62,27.1683,46.3267,18.7802,88.21,37.65,63.49,52.88,2007-02-28
2007-03-30,76.4,67.79,44.9,47.31,32.73,513.4,47.5533,73.96,43.0,16.3418,49.0,31.74,28.62,36.74,48.38,65.643,48.1364,53.71,31.49,76.43,63.69,33.9791,31.09,28.6134,48.9333,19.4415,84.91,37.96,63.16,54.66,2007-03-30
2007-04-30,78.5,71.15,50.835,47.14,34.63,536.2,51.8633,77.79,42.99,16.6667,49.41,31.77,31.61,37.87,52.1,68.2116,48.5143,59.13,30.56,82.77,67.08,35.2113,30.67,30.7647,55.9867,20.6627,106.03,38.75,64.31,54.96,2007-04-30
2007-05-31,80.24,72.5,53.65,45.785,36.3,544.9,55.8767,81.49,43.15,18.1248,51.32,35.95,32.15,38.87,51.83,68.0103,47.1633,58.62,32.82,87.96,67.14,36.5649,31.77,30.8788,58.1533,22.0675,111.65,42.92,63.55,52.71,2007-05-31
2007-06-29,78.22,70.95,55.055,46.23,35.93,512.9,52.22,84.24,42.7,19.3662,49.6,34.5,31.41,39.35,48.45,64.1095,51.5376,55.88,30.69,86.79,62.1,36.4528,29.43,30.6072,58.0267,21.5499,111.2,42.61,61.19,50.62,2007-06-29
2007-07-31,78.56,60.32,56.445,44.47,29.89,465.7,51.64,85.26,42.11,19.3098,47.58,36.02,28.02,37.17,44.01,64.4737,51.8494,54.09,28.01,88.92,60.46,34.6045,26.45,28.5754,54.5467,20.1874,102.11,40.04,61.86,46.1,2007-07-31
2007-08-31,78.56,60.88,58.34,44.73,23.74,468.8,51.68,87.76,41.66,19.4983,49.68,34.59,28.21,38.31,44.52,65.8347,57.4708,57.35,31.06,90.99,59.8,32.7749,25.79,29.7488,57.0333,18.7896,96.41,43.32,65.31,46.5,2007-08-31
2007-09-30,,,,,,,,,,,,,,,,,,,,,,,,,,,,,,,2007-09-30
2007-10-31,90.96,62.37,69.21,57.23,23.03,419.0,52.49,91.51,47.17,24.9145,49.07,39.42,29.85,31.51,47.0,67.9432,57.2157,54.15,26.89,86.36,62.57,34.5018,29.16,32.6009,55.56,20.5027,79.18,45.32,69.52,43.11,2007-10-31
2007-11-30,88.78,61.57,69.05,53.84,20.39,333.0,53.61,87.77,47.9,23.71,48.05,36.61,27.77,28.56,45.62,66.9081,59.3037,52.95,24.41,83.26,64.88,31.5053,26.78,32.5249,50.61,17.599,80.96,49.97,74.0,39.91,2007-11-30
2007-12-31,88.99,58.22,71.3,51.62,18.78,294.4,53.73,93.33,51.21,23.6363,46.3,37.91,25.58,26.94,43.65,66.4577,59.2186,53.39,22.62,84.32,65.17,30.2265,25.88,31.5361,54.48,16.1565,81.63,47.69,73.42,39.4,2007-12-31
2008-01-31,84.46,54.36,56.05,44.67,19.83,282.2,49.16,84.5,48.25,23.034,43.93,33.17,25.97,30.67,47.55,62.9211,51.6699,51.52,26.44,79.65,61.32,30.1051,24.12,32.9975,46.92,18.2061,85.11,43.52,65.95,36.2,2008-01-31
2008-02-29,81.85,51.11,54.17,53.96,14.79,237.1,44.58,86.66,46.79,24.5289,41.25,38.3,25.77,26.55,40.65,62.4706,46.1335,50.02,23.97,78.4,58.19,29.5917,22.7,32.0631,43.38,17.8931,84.37,41.61,66.18,37.08,2008-02-29
2008-03-31,83.37,52.0,55.42,52.57,17.21,214.2,40.57,85.36,43.43,24.0436,40.22,39.33,27.9,27.97,42.95,61.8668,45.85,51.59,22.94,79.15,56.64,25.391,22.87,31.4112,45.0,18.239,86.78,40.2,70.07,37.67,2008-03-31
2008-04-30,90.42,53.76,61.01,54.84,20.4,252.7,42.71,96.15,45.96,27.2023,42.46,45.91,35.56,28.8,47.65,61.3301,51.0463,48.14,25.19,76.9,53.0,24.4295,20.53,33.8558,47.32,17.5025,72.78,45.39,67.05,37.38,2008-04-30
2008-05-30,92.15,55.16,62.55,58.0,16.28,218.9,40.6,99.15,44.83,32.0552,44.01,48.58,36.24,27.36,43.0,61.148,62.1474,48.14,24.0,77.56,57.13,25.4096,20.08,33.1931,53.39,17.8131,73.68,47.19,66.05,39.19,2008-05-30
2008-06-30,84.2,45.32,47.93,54.33,11.57,167.6,35.39,99.13,42.99,33.5544,39.68,53.07,35.72,23.42,34.31,57.2951,47.7018,46.16,20.75,69.59,52.2,21.7504,16.79,34.7359,41.83,16.7495,61.73,45.94,60.81,32.78,2008-06-30
2008-07-31,89.14,47.7,43.47,53.97,10.11,186.9,37.02,84.56,44.7,32.2242,40.11,44.82,38.72,23.83,40.63,55.4261,45.491,47.11,20.32,70.39,54.5,25.8764,16.53,37.2729,42.06,16.8436,75.7,45.8,65.48,36.77,2008-07-31
2008-08-29,92.3,50.76,41.1,47.65,12.77,189.9,41.88,86.32,45.74,31.8646,42.42,43.94,37.4,27.12,38.49,59.1161,49.4685,46.65,24.64,71.6,59.1,25.2509,18.1,36.8112,43.06,18.6485,81.36,47.49,69.77,36.09,2008-08-29
2008-09-30,73.62,42.81,29.28,46.75,11.8,205.1,33.98,82.48,48.52,22.2671,40.21,32.39,34.72,25.89,46.7,62.1447,43.6487,44.03,23.69,68.31,62.69,24.4388,17.26,35.654,38.19,18.192,79.29,44.96,69.69,39.54,2008-09-30
2008-10-31,60.32,17.24,17.7,37.36,5.33,136.5,16.3,74.6,37.26,18.8657,39.35,19.79,29.09,23.59,41.25,58.7423,33.9647,33.82,21.7,64.3,60.81,16.0747,13.75,32.8617,29.24,12.9657,46.65,42.3,64.54,37.24,2008-10-31
2008-11-28,51.67,13.73,15.23,44.47,3.66,82.9,12.11,79.01,38.39,18.935,39.15,17.6,26.8,23.11,31.66,55.3878,32.9538,34.15,20.66,66.93,59.16,11.622,13.36,28.7383,27.87,12.3045,39.38,45.3,64.35,36.0,2008-11-28
2008-12-31,57.59,18.84,13.87,48.92,3.97,67.1,16.85,73.97,35.15,19.3813,37.86,18.18,29.17,23.02,31.53,50.5477,35.9488,40.27,21.52,57.54,55.56,11.0152,9.78,29.1132,28.6,12.888,41.35,45.68,61.82,34.74,2008-12-31
2009-01-30,56.73,15.13,9.03,40.27,4.35,35.5,17.36,70.52,33.96,19.3337,32.02,17.25,24.13,21.53,25.51,49.3305,40.8994,36.82,18.27,53.79,50.15,8.5134,8.08,31.8621,26.39,13.1822,33.43,37.05,54.5,37.28,2009-01-30
2009-02-27,43.82,8.59,5.65,35.23,3.55,15.0,15.76,60.71,31.78,17.5182,28.14,16.31,22.89,20.89,22.85,45.1517,35.2213,29.38,15.84,45.46,48.6,5.3116,5.65,27.6573,25.07,12.2127,22.23,38.24,48.17,33.69,2009-02-27
2009-03-31,41.59,6.69,5.74,34.28,5.7,25.3,17.59,67.24,34.73,18.6924,29.86,15.47,25.07,23.56,26.58,44.1933,27.3418,33.41,18.25,49.72,51.48,6.5718,6.38,27.8257,25.76,13.4387,29.59,40.82,47.09,34.75,2009-03-31
2009-04-30,51.67,11.24,10.73,38.25,7.71,30.5,19.71,66.1,38.55,21.1145,33.96,20.22,26.66,26.32,33.0,47.0973,28.8913,32.92,21.5,57.6,56.05,11.818,10.45,26.348,35.44,13.9469,45.16,42.2,49.44,36.14,2009-04-30
2009-05-29,56.9,18.95,11.5,43.99,9.45,37.2,22.17,66.67,37.35,23.5496,33.48,22.93,25.41,23.16,36.9,49.733,31.08,34.57,19.01,57.1,52.44,13.4143,11.51,27.8094,29.85,13.3704,42.14,36.0,51.94,35.22,2009-05-29
2009-06-30,55.39,17.21,9.66,42.33,9.2,29.7,24.09,66.25,38.99,20.4949,33.56,20.7,24.24,23.63,34.11,50.2506,28.36,34.64,19.41,60.1,55.83,14.1237,10.41,28.7709,32.51,13.0245,42.56,37.87,51.1,36.0,2009-06-30
2009-07-31,55.39,21.19,13.44,45.21,10.61,31.7,28.4,69.47,41.51,21.0755,35.42,22.09,26.5,25.94,38.65,56.0204,31.31,34.89,22.46,70.52,61.01,17.559,12.87,30.6235,34.65,15.2223,57.09,39.45,55.51,39.95,2009-07-31
2009-08-31,59.19,25.24,15.36,47.38,11.41,50.0,29.43,69.94,42.29,20.6682,37.04,23.71,28.39,27.29,43.46,57.9468,34.73,33.46,21.5,72.1,59.09,21.4236,13.92,30.9222,36.17,16.3683,64.21,41.76,54.11,39.23,2009-08-31
2009-09-30,64.6,25.91,18.98,48.68,14.1,48.4,28.09,70.43,46.23,24.3729,38.06,27.12,27.75,26.64,43.82,56.5283,37.6,33.03,20.94,73.8,58.82,20.7515,15.69,30.9711,37.71,17.0436,69.96,40.69,57.92,38.86,2009-09-30
2009-10-30,62.7,23.83,17.78,48.97,13.62,40.9,27.84,76.54,43.96,22.1414,34.99,29.21,27.27,25.09,41.77,58.6177,41.72,34.01,19.57,73.57,59.23,20.8262,14.51,29.3685,37.41,16.7165,71.59,38.51,58.0,37.79,2009-10-30
2009-11-30,65.9,22.91,20.05,45.21,16.99,41.1,32.08,78.04,44.91,24.2602,35.83,29.36,29.65,27.36,42.49,63.2278,43.9,36.73,21.81,77.44,60.27,23.7574,14.51,29.6347,37.08,17.1119,74.16,38.73,62.35,35.37,2009-11-30
2009-12-31,68.17,24.88,18.81,45.16,18.45,33.1,35.27,76.99,44.58,24.1606,37.96,30.09,32.06,28.93,41.67,61.0617,47.55,35.71,23.39,82.67,61.0,24.9989,15.01,31.8784,36.27,17.2342,80.66,38.34,60.63,35.79,2009-12-31
2010-01-29,66.85,24.58,19.53,42.0,16.56,33.2,33.77,72.12,43.9,22.0721,37.68,29.21,30.55,28.01,38.94,56.9213,42.92,35.2,21.65,80.49,59.17,21.3863,13.57,31.2862,36.03,16.9495,75.18,38.9,61.55,36.43,2010-01-29
2010-02-26,72.55,25.18,19.92,40.38,16.87,34.0,34.26,72.3,42.14,24.7715,40.36,30.15,35.78,31.2,41.97,58.2152,45.22,34.34,23.71,80.15,61.31,21.629,13.75,30.9277,35.35,18.2084,84.16,40.94,63.28,39.76,2010-02-26
2010-03-31,77.2,30.7,21.23,42.06,23.6,40.5,36.58,75.83,43.95,26.2317,42.24,30.13,38.28,32.35,44.75,60.2662,47.49,36.22,24.24,83.57,64.14,22.9732,15.2,31.6176,43.34,18.8602,87.25,42.71,63.27,42.81,2010-03-31
2010-04-30,76.36,30.59,22.84,44.36,28.08,43.7,32.06,81.44,48.84,27.575,42.8,30.65,38.36,35.25,42.58,58.7135,51.48,34.97,27.12,88.67,64.7,24.9616,17.07,25.6526,46.52,20.3356,108.87,42.46,62.16,47.01,2010-04-30
2010-05-28,67.9,26.46,20.67,41.04,28.69,39.6,33.47,73.87,47.23,26.2361,40.61,24.83,40.15,33.86,39.58,58.1768,46.91,32.79,24.75,79.31,62.82,21.685,16.66,22.9418,41.0,18.2014,104.44,39.47,61.09,46.8,2010-05-28
2010-06-30,58.56,24.29,16.97,42.36,21.5,37.6,31.06,67.86,44.91,24.8842,39.45,24.55,41.1,28.07,36.61,58.1097,41.65,33.5,20.42,78.99,62.16,21.1249,14.64,22.078,39.87,16.7495,87.82,37.12,59.98,47.93,2010-06-30
2010-07-30,61.25,26.04,20.76,45.01,23.14,41.0,30.76,76.21,48.91,27.0767,42.83,29.88,42.15,28.51,40.28,61.4547,44.53,35.6,20.74,85.54,64.88,22.5905,15.5,23.7784,45.82,18.6673,83.3,37.67,61.16,47.0,2010-07-30
2010-08-31,55.87,23.36,17.07,43.56,21.87,37.2,32.22,74.16,47.4,26.9857,41.93,28.21,40.36,27.81,36.36,61.723,42.07,33.56,20.3,78.55,64.82,19.0992,15.02,23.1211,40.99,16.6177,74.16,36.24,59.67,46.47,2010-08-31
2010-09-30,62.81,23.92,20.56,47.22,23.64,39.0,35.78,81.05,50.74,29.6418,44.59,33.07,44.51,31.68,38.07,62.346,44.29,36.53,22.29,86.71,66.76,20.3034,17.81,25.9188,48.15,19.065,80.96,39.11,59.97,47.59,2010-09-30
2010-10-29,68.12,24.48,20.82,47.23,25.51,41.7,35.19,82.61,49.32,31.6739,47.86,31.86,46.25,30.88,37.63,60.7071,45.19,35.2,21.33,84.22,66.55,23.5987,17.65,27.6518,51.26,19.5874,75.83,39.75,63.57,49.49,2010-10-29
2010-11-30,66.09,23.88,22.36,47.65,31.18,42.0,36.81,80.97,47.81,33.7191,48.14,37.84,47.66,30.21,37.38,59.3174,44.24,33.66,22.7,83.98,61.81,23.3093,16.77,26.3752,53.86,19.5026,73.0,40.12,61.07,46.8,2010-11-30
2010-12-31,70.96,27.81,23.64,50.19,37.94,47.3,36.66,91.25,50.42,34.616,51.34,40.83,47.18,35.06,42.42,60.4196,45.3,35.04,25.08,86.3,63.28,25.4283,18.18,27.4997,57.42,20.2792,88.83,46.01,64.33,47.15,2010-12-31
2011-01-31,75.4,28.84,26.29,46.87,39.72,48.2,42.02,94.93,49.69,32.9565,51.75,45.0,44.09,36.77,44.94,62.0393,46.54,34.77,24.8,87.92,62.89,26.9592,19.25,26.3426,56.49,19.465,85.5,45.74,63.13,46.69,2011-01-31
2011-02-28,76.12,31.72,27.09,45.73,42.34,46.8,42.07,103.75,48.64,33.5544,52.69,46.94,44.9,37.47,46.69,63.1607,46.66,34.56,26.17,92.23,67.76,25.9324,19.34,28.8742,50.13,22.5123,82.5,52.64,63.05,52.32,2011-02-28
2011-03-31,76.56,30.04,27.39,46.89,40.12,44.2,44.28,107.43,51.02,36.7998,53.64,49.84,46.84,37.06,46.1,62.5569,49.6,35.17,26.43,93.5,70.07,28.1728,19.13,29.211,52.35,23.1853,85.36,52.96,61.6,54.35,2011-03-31
2011-04-29,72.82,31.23,26.1,48.75,48.02,45.9,46.83,109.44,52.76,38.2514,53.7,50.48,46.84,37.14,45.63,63.314,53.13,37.01,26.25,97.21,69.66,28.8262,19.06,30.9114,53.11,23.6629,86.18,52.17,64.9,57.71,2011-04-29
2011-05-31,74.22,29.35,22.88,46.65,56.19,41.15,49.89,104.91,54.88,36.5485,54.8,50.15,45.74,36.28,43.24,65.4609,49.44,38.48,24.14,94.38,70.48,29.1436,17.81,32.3347,50.0,23.4535,83.8,52.15,67.0,55.73,2011-05-31
2011-06-30,74.52,28.49,23.61,44.74,52.14,41.64,51.43,102.84,56.38,37.2721,54.4,51.0,43.93,36.22,40.94,63.7932,45.06,37.53,23.31,94.85,67.44,27.8367,15.78,32.4271,51.09,25.5454,81.32,51.3,63.57,56.85,2011-06-30
2011-07-29,68.14,26.5,23.13,45.05,56.26,38.34,49.77,104.02,50.0,37.9437,53.16,54.73,39.56,34.93,40.45,62.6431,39.87,38.3,21.58,87.14,71.59,27.7247,15.52,31.6013,42.81,27.4844,69.23,48.12,61.49,56.44,2011-07-29
2011-08-31,64.08,20.75,16.87,43.75,46.28,31.05,46.74,98.91,53.6,32.9002,55.02,44.37,38.74,33.38,37.56,66.2852,40.35,37.51,19.93,82.98,69.7,25.3443,13.84,30.4116,37.63,27.5456,62.69,46.73,63.68,58.65,2011-08-31
2011-09-30,56.89,15.63,17.64,39.61,43.48,25.62,41.94,92.52,48.89,29.9668,50.8,30.52,32.61,32.87,30.12,68.0583,34.17,36.97,19.34,71.79,66.33,21.7037,11.87,30.4985,33.82,28.5951,49.91,41.98,63.18,59.24,2011-09-30
2011-10-31,64.19,19.05,19.42,42.34,51.53,31.59,44.34,105.05,53.84,34.1827,57.43,37.36,38.06,35.8,34.76,66.8123,37.75,37.16,21.02,79.02,66.94,25.8577,14.8,29.8683,43.24,32.5248,50.81,46.62,63.99,57.23,2011-10-31
2011-11-30,66.06,20.18,19.43,40.59,47.0,27.48,44.23,102.82,57.02,36.3622,58.5,36.8,35.81,39.22,30.97,68.4991,35.6,37.85,24.01,81.04,64.96,26.5112,15.3,28.0647,40.57,32.6354,49.06,45.97,64.57,57.68,2011-11-30
2011-12-31,,,,,,,,,,,,,,,,,,,,,,,,,,,,,,,2011-12-31
2012-01-31,69.16,21.54,25.48,42.89,44.25,30.72,44.83,103.08,60.44,40.1579,63.78,36.78,34.91,44.39,37.3,68.5854,41.0,39.74,26.83,86.71,68.66,29.0689,18.47,30.14,44.2,30.9411,54.32,48.43,63.04,61.08,2012-01-31
2012-02-29,73.23,24.84,27.51,43.94,61.14,33.32,44.11,109.12,60.0,42.8833,62.68,36.59,35.32,47.57,39.24,69.8505,43.63,39.24,28.38,87.6,67.61,32.8122,18.3,31.5796,46.01,34.3673,75.57,46.81,67.52,60.7,2012-02-29
2012-03-30,73.38,26.36,27.83,45.25,63.02,36.55,49.25,107.24,61.72,45.8687,62.75,33.19,36.72,50.31,45.98,70.8185,45.08,40.27,31.38,89.21,68.75,32.7655,17.81,32.476,46.83,34.3508,76.86,49.06,67.21,61.33,2012-03-30
2012-04-30,67.5,24.77,26.64,41.58,64.56,33.04,46.23,106.56,63.69,47.8575,64.78,34.22,36.74,51.79,42.98,75.2082,45.54,41.39,31.47,89.36,70.1,31.0946,18.2,30.1019,42.96,35.7792,64.02,51.8,63.64,67.01,2012-04-30
2012-05-31,64.01,20.67,23.63,38.45,67.24,26.51,43.91,98.31,63.21,44.1702,63.0,30.06,35.42,49.34,33.15,76.0516,39.78,40.95,26.72,84.41,68.8,27.2579,18.4,27.4997,37.57,33.1884,61.88,46.5,62.29,66.86,2012-05-31
2012-06-29,65.96,21.87,24.87,41.61,63.68,27.41,44.0,105.5,68.53,46.3453,60.25,28.39,33.87,52.99,35.73,80.2878,41.85,42.91,28.44,89.6,72.46,26.9872,18.14,28.8742,39.19,31.4024,61.16,46.78,61.25,72.03,2012-06-29
2012-07-31,63.44,20.05,26.05,42.32,65.23,27.13,40.28,109.58,65.45,47.4026,64.03,33.13,35.82,52.18,36.0,83.2973,41.65,44.03,25.37,91.23,72.71,30.6279,17.65,31.786,40.01,35.132,67.56,49.2,64.54,71.74,2012-07-31
2012-08-31,65.51,23.22,26.72,44.54,75.08,29.71,45.77,112.16,64.03,47.0733,63.16,32.76,37.51,56.75,37.14,80.1249,47.03,44.91,28.48,92.6,72.75,32.2615,17.93,31.8784,39.91,35.9274,75.46,51.96,67.19,71.82,2012-08-31
2012-09-30,,,,,,,,,,,,,,,,,,,,,,,,,,,,,,,2012-09-30
2012-10-31,68.08,24.79,25.21,43.14,77.0,37.39,51.0,110.21,69.6,46.38,62.58,32.29,35.99,61.38,41.68,79.9812,45.78,48.63,32.38,87.6,72.3,33.447,20.64,34.0242,43.34,36.8216,97.68,53.95,69.24,68.85,2012-10-31
2012-11-30,66.5,24.7,23.49,41.46,88.91,34.57,52.27,105.69,72.08,48.0612,65.09,33.35,38.46,65.07,41.08,82.1568,47.13,49.04,36.09,90.95,76.35,34.6699,21.81,36.0017,43.94,37.7699,101.84,56.8,69.83,73.27,2012-11-30
2012-12-31,69.27,25.9,24.79,42.79,83.77,39.56,53.46,108.14,71.9,50.713,63.58,34.69,35.9,61.85,43.97,80.9204,48.96,49.32,35.52,92.85,73.22,37.1903,22.27,36.2136,45.21,35.525,101.75,55.6,67.89,72.22,2012-12-31
2013-01-31,66.3,28.98,28.76,45.18,84.41,42.16,58.34,115.15,72.4,53.2694,68.03,40.68,37.37,66.92,47.05,85.7892,46.2,53.69,38.19,100.55,78.41,38.6652,23.48,36.8546,47.06,34.7273,115.38,57.74,75.16,79.45,2013-01-31
2013-02-28,67.97,29.54,28.85,44.21,79.68,41.97,58.46,117.15,76.55,52.2208,71.03,41.51,40.02,68.5,48.92,90.361,48.07,54.66,38.15,104.0,84.01,41.083,23.34,36.7242,47.43,37.9464,112.95,61.09,76.18,83.34,2013-02-28
2013-03-31,,,,,,,,,,,,,,,,,,,,,,,,,,,,,,,2013-03-31
2013-04-30,73.96,34.01,25.75,51.6,82.41,46.66,66.17,122.01,84.62,52.6021,76.33,42.77,47.37,73.35,49.01,98.9006,46.2,55.38,38.42,104.71,86.25,43.8554,26.34,37.9574,49.78,41.9373,114.28,60.35,76.77,89.16,2013-04-30
2013-05-31,77.1,35.66,26.96,49.41,92.27,51.99,67.9,122.75,84.47,54.344,77.74,41.85,44.48,78.66,54.59,92.805,50.13,53.16,42.11,110.27,83.08,43.0806,27.04,38.2073,53.6,43.2644,127.76,63.67,76.76,89.11,2013-05-31
2013-06-30,,,,,,,,,,,,,,,,,,,,,,,,,,,,,,,2013-06-30
2013-07-31,85.34,41.67,27.38,50.06,84.43,52.14,77.83,125.89,92.14,57.3337,81.99,45.19,46.0,79.03,55.73,94.6931,57.07,53.11,44.58,117.43,85.94,45.097,27.02,39.6796,56.27,46.3564,133.94,67.5,80.3,94.87,2013-07-31
2013-08-30,83.25,42.04,26.94,48.79,76.26,48.33,78.69,120.43,91.35,57.7237,77.01,48.0,45.58,74.49,50.53,89.5942,56.63,51.4,45.82,113.58,82.7,44.0701,25.3,37.789,53.61,44.0527,128.65,66.38,77.89,91.95,2013-08-30
2013-09-30,87.52,41.99,27.61,50.13,78.3,48.51,76.86,121.5,98.76,62.152,80.89,48.15,47.14,75.85,51.69,90.3035,59.3,50.33,47.61,119.41,81.72,41.8204,27.5,35.6866,55.66,46.8388,146.44,74.44,75.59,92.5,2013-09-30
2013-10-31,86.63,45.41,28.79,54.0,81.98,48.78,76.98,119.96,106.0,63.0532,78.83,53.03,51.65,77.89,51.54,103.5107,61.96,49.82,49.78,125.85,90.19,41.6431,29.63,35.7844,55.6,50.592,146.01,79.09,80.75,99.24,2013-10-31
2013-11-29,91.66,51.33,33.23,52.67,91.5,52.92,87.45,122.44,107.17,63.1399,82.84,52.68,53.82,80.67,57.22,104.6224,64.51,50.22,47.48,133.51,93.17,43.5474,30.35,37.186,57.31,55.1994,152.76,81.64,84.22,96.89,2013-11-29
2013-12-31,95.55,51.62,36.76,56.15,97.21,52.11,87.48,124.91,104.27,65.393,83.19,50.75,55.01,82.34,58.48,100.1178,69.81,51.0,49.55,140.25,92.76,45.7691,32.41,37.7836,59.17,58.6773,156.86,83.89,81.41,97.23,2013-12-31
2014-01-31,101.31,48.03,35.5,52.64,87.3,47.43,86.31,111.63,100.54,61.2074,82.25,49.01,49.12,76.85,55.36,104.8237,69.34,54.01,46.29,128.19,88.27,44.5649,30.9,37.1045,56.0,55.0159,133.3,80.46,76.62,99.4,2014-01-31
2014-02-28,109.54,50.13,39.7,56.83,92.58,48.63,79.59,115.33,107.75,66.8836,88.09,57.0,55.16,82.03,56.82,105.763,73.82,59.61,50.03,134.73,87.28,45.6384,32.11,37.7564,65.84,55.1477,144.63,85.6,78.66,105.82,2014-02-28
2014-03-31,108.92,50.67,39.29,58.86,92.4,47.6,83.73,118.91,107.99,66.3463,86.85,58.89,55.62,79.13,60.71,105.6671,73.16,58.86,48.9,135.66,88.01,42.8286,29.9,39.9729,67.44,58.2444,149.46,84.28,80.6,104.4,2014-03-31
2014-04-30,109.45,48.51,40.9,59.97,97.93,47.91,80.04,125.52,104.64,66.7276,87.12,63.07,55.26,79.51,55.98,107.584,73.52,59.1,45.91,139.09,90.7,43.5474,30.11,39.5437,63.98,57.5008,153.38,84.88,82.55,96.24,2014-04-30
2014-05-30,118.12,47.96,39.22,65.73,112.75,47.57,89.78,122.79,109.19,66.3463,86.33,64.64,53.7,80.23,55.57,107.6798,77.25,59.86,47.08,142.55,89.62,44.4622,29.28,40.4238,63.36,59.3174,143.55,89.94,80.79,97.34,2014-05-30
2014-06-30,116.55,51.44,38.29,74.16,116.61,47.1,91.97,130.55,111.34,61.6927,87.8,71.01,53.05,80.96,57.62,106.5968,75.75,62.17,47.99,143.24,91.4,47.1133,30.99,39.2776,62.83,59.2986,139.22,90.09,78.59,97.37,2014-06-30
2014-07-31,116.77,52.39,36.37,67.53,119.22,48.91,90.04,129.24,108.53,56.5191,82.82,68.99,49.95,80.85,57.67,99.5523,68.27,61.06,47.85,140.89,86.87,44.9772,32.48,40.5759,62.27,57.6702,142.64,84.36,77.32,88.15,2014-07-31
2014-08-29,123.25,55.04,38.0,73.95,114.32,51.65,94.6,129.45,114.82,57.3164,87.74,67.61,52.655,93.5,59.45,103.5107,71.39,63.56,52.51,144.0,88.6,45.8767,33.52,40.7335,62.81,60.3528,153.02,87.16,83.11,91.42,2014-08-29
2014-09-30,127.09,53.58,35.99,74.44,108.98,51.82,90.69,119.32,114.83,49.5604,87.71,64.51,54.995,91.74,60.24,103.0985,66.4,64.85,52.92,141.68,96.04,45.2044,34.41,38.9896,56.875,62.1505,145.65,87.67,83.74,95.43,2014-09-30
2014-10-31,139.76,54.76,41.53,74.38,105.76,53.53,99.57,119.95,111.23,49.6991,97.08,55.14,57.53,97.52,60.48,109.52,69.6,66.33,57.2,153.77,99.5,47.9315,33.33,38.1041,65.32,63.7036,172.05,86.0,87.27,95.91,2014-10-31
2014-11-28,145.36,56.63,43.32,77.35,117.88,53.97,102.89,108.87,108.95,47.1426,102.78,42.2,59.2,99.4,60.16,116.59,71.67,68.12,63.83,160.09,101.62,50.9615,36.31,39.6578,67.02,70.7535,186.17,92.49,90.43,100.28,2014-11-28
2014-12-31,137.62,57.67,42.11,74.52,125.18,54.11,102.91,112.18,104.52,49.4217,106.57,39.33,54.99,104.97,62.58,115.54,71.82,68.99,68.8,164.32,104.21,50.7343,38.09,39.8154,68.01,70.4994,193.74,94.83,91.09,103.93,2014-12-31
2015-01-30,133.21,49.98,42.56,75.93,113.6,46.95,106.83,102.53,103.77,49.829,92.94,39.99,54.92,104.42,54.38,107.96,67.13,72.0,67.76,162.3,106.71,49.8631,36.87,38.1965,60.11,65.2943,199.08,90.05,84.29,102.21,2015-01-30
2015-02-27,138.78,57.64,44.31,75.89,130.16,52.42,121.63,106.68,115.54,54.9506,96.08,42.94,62.315,114.75,61.28,109.66,77.68,70.17,74.09,168.65,108.64,53.414,39.29,37.5663,64.05,72.156,211.95,100.36,85.13,103.78,2015-02-27
2015-03-31,135.73,57.46,44.33,74.45,136.51,51.52,129.44,104.98,114.38,49.6124,93.19,43.88,63.24,113.61,60.58,107.11,78.76,72.65,74.39,164.95,110.39,52.5428,39.07,37.2132,63.14,70.8853,202.06,96.12,81.94,100.91,2015-03-31
2015-04-30,137.32,56.49,43.98,73.51,131.59,53.32,124.64,111.06,111.98,51.3976,89.85,48.95,70.79,106.98,63.26,109.69,80.24,71.87,68.86,156.39,106.1,50.8668,38.13,37.3436,65.35,68.1745,175.6,96.23,79.51,91.92,2015-04-30
2015-05-29,140.16,57.01,45.22,73.38,116.01,54.08,140.83,103.0,114.65,49.5431,90.47,45.4,72.13,111.42,65.78,108.86,79.22,78.9,69.98,159.08,107.66,49.0772,39.53,36.1864,63.56,66.292,184.25,101.22,78.39,92.86,2015-05-29
2015-06-30,141.69,59.22,44.63,69.81,105.19,55.24,162.0,96.47,113.07,45.5394,89.53,43.07,74.79,111.13,67.76,105.97,76.91,83.49,66.97,154.3,104.02,45.0624,41.11,37.99,63.81,65.6426,173.05,99.68,78.24,88.83,2015-06-30
2015-07-31,149.11,56.32,43.7,71.14,101.88,58.46,144.06,88.48,115.81,42.0644,88.95,41.79,78.74,117.03,68.53,114.97,82.94,84.51,69.36,151.34,111.94,45.3275,43.28,40.08,64.84,72.5607,177.73,100.77,76.7,92.89,2015-07-31
2015-08-31,142.03,50.79,38.8,68.09,92.51,53.48,140.79,80.99,109.14,36.6655,83.49,39.35,74.59,116.46,64.1,106.53,76.82,82.35,69.17,142.14,111.17,40.8487,42.13,38.45,58.97,68.1745,168.1,93.44,70.67,89.52,2015-08-31
2015-09-30,137.95,47.46,37.64,83.02,87.39,49.61,135.02,78.88,109.72,29.3861,82.89,35.35,72.14,115.49,60.97,109.04,73.15,83.69,68.92,141.77,115.53,35.7829,39.71,32.85,52.17,64.2025,147.26,88.61,71.94,91.88,2015-09-30
2015-10-30,148.58,53.51,42.17,88.1,89.48,53.17,134.04,90.88,120.35,35.279,90.76,38.38,76.83,123.64,64.25,119.71,79.13,81.57,73.83,157.21,121.94,40.4226,42.43,37.39,52.65,63.553,160.14,93.31,76.38,88.69,2015-10-30
2015-11-30,146.46,54.99,42.67,92.03,75.0,54.09,134.98,91.32,119.16,37.2375,90.63,39.85,73.09,133.88,66.68,119.15,83.13,82.04,76.6,156.58,124.3,39.6083,44.66,37.65,51.96,60.8987,162.52,94.74,74.84,86.31,2015-11-30
2015-12-31,137.36,50.26,42.01,93.92,65.71,51.75,146.33,89.96,114.38,33.9097,85.89,34.04,67.36,132.25,66.03,127.3,86.9,84.26,76.04,150.64,126.83,35.6977,44.08,38.15,47.4,58.5926,146.87,92.21,79.41,89.27,2015-12-31
2016-01-29,133.77,39.46,34.22,90.48,70.41,42.58,133.6,86.47,107.87,30.9547,86.17,31.79,74.28,125.76,59.5,128.42,86.97,79.1,71.66,151.0,129.05,32.393,38.78,36.6,49.07,58.9221,134.39,87.83,81.69,88.11,2016-01-29
2016-02-29,136.27,36.53,34.15,85.27,83.69,38.85,139.61,83.44,102.55,32.6185,90.15,32.28,75.87,124.12,56.3,130.3,78.02,72.0,67.53,156.87,126.42,33.8039,38.01,39.51,51.5,61.2846,155.32,95.29,80.29,90.89,2016-02-29
2016-03-31,131.37,39.2,36.46,96.18,84.91,41.75,137.24,95.4,111.52,34.9843,99.36,35.72,80.1,133.43,59.22,134.51,77.86,72.01,75.75,166.63,126.06,38.8603,44.29,41.08,54.69,60.9552,180.34,104.45,82.31,92.09,2016-03-31
2016-04-29,140.52,43.45,38.68,95.63,70.45,46.28,138.54,102.18,114.98,37.4888,95.97,41.31,84.64,133.89,63.2,125.19,80.01,75.53,76.02,167.38,125.23,40.9718,45.54,44.22,58.91,59.3456,174.14,105.12,80.12,93.11,2016-04-29
2016-05-31,141.87,45.85,38.06,99.18,59.11,46.57,128.11,101.0,117.24,41.1545,96.92,42.18,87.29,132.12,65.27,127.04,78.77,75.03,80.13,168.32,128.54,39.9208,47.69,43.16,55.75,58.6585,174.62,109.27,81.04,92.85,2016-05-31
2016-06-30,139.24,38.77,36.56,101.13,60.6,42.39,127.99,104.83,118.6,40.1319,101.25,45.29,83.99,127.69,62.14,137.48,83.44,78.75,79.17,175.12,138.39,40.1291,48.57,45.22,51.87,57.8773,166.64,109.23,84.67,113.49,2016-06-30
2016-07-29,146.89,43.67,39.0,102.16,67.68,43.81,128.96,102.48,118.38,41.1978,102.24,43.66,81.23,138.24,63.97,129.55,86.62,82.89,82.28,178.36,131.07,43.3769,52.46,48.02,58.97,58.7621,192.36,107.07,85.59,110.76,2016-07-29
2016-08-31,152.22,48.03,40.85,102.32,60.24,47.74,128.26,100.58,123.05,40.6778,102.82,43.01,81.74,134.12,67.5,128.06,92.98,77.75,76.56,179.24,131.04,45.9146,53.08,46.73,59.84,58.4044,178.64,111.35,87.31,99.89,2016-08-31
2016-09-30,155.16,46.98,39.75,109.8,63.01,47.23,130.32,102.92,121.72,41.8911,100.45,44.88,79.33,128.68,66.59,126.14,91.61,80.26,72.21,176.23,125.18,45.4317,52.66,47.6,58.78,52.7569,162.16,112.49,89.75,95.6,2016-09-30
2016-10-31,150.74,49.09,40.08,103.81,61.3,49.15,118.83,104.75,114.17,40.6345,90.59,46.0,83.41,122.01,69.26,114.41,89.21,73.84,66.65,165.3,120.02,42.6384,48.02,47.59,54.92,51.025,149.82,110.83,86.8,102.46,2016-10-31
2016-11-30,175.35,64.1,46.03,98.03,71.51,56.39,134.74,111.56,116.73,48.6331,96.23,53.09,85.39,129.4,80.17,115.61,103.56,67.12,70.55,171.74,115.56,46.1324,47.01,44.37,62.15,51.3074,162.44,114.1,82.46,96.64,2016-11-30
2016-12-31,,,,,,,,,,,,,,,,,,,,,,,,,,,,,,,2016-12-31
2017-01-31,181.08,67.51,47.37,96.52,56.44,55.83,146.22,111.35,120.13,52.1342,96.81,56.57,82.51,137.58,84.63,121.13,102.71,77.03,73.08,174.82,120.0,53.5939,47.33,47.91,67.31,48.4554,174.89,112.7,87.6,105.47,2017-01-31
2017-02-28,189.81,70.16,47.3,100.39,54.52,59.81,148.9,112.5,123.97,49.933,95.71,53.46,96.87,144.91,90.62,132.55,109.9,82.81,74.37,186.35,136.81,49.901,49.03,50.92,66.81,49.3684,178.59,115.65,91.07,108.35,2017-02-28
2017-03-31,187.2,65.45,47.59,95.71,52.24,59.82,146.49,107.37,125.34,60.3061,92.41,49.21,99.82,146.83,87.84,131.63,111.27,84.11,82.21,191.33,134.83,48.083,47.17,51.86,67.2,51.7403,171.33,118.69,89.85,109.25,2017-03-31
2017-04-28,193.79,65.93,46.66,95.89,55.37,59.12,156.37,106.7,129.09,63.4605,92.02,45.88,99.11,156.1,87.0,129.75,111.89,82.06,84.88,195.83,133.69,51.1035,47.74,55.68,66.73,51.4203,185.68,119.84,87.33,108.2,2017-04-28
2017-05-31,203.25,64.98,47.8,94.79,51.48,60.54,161.23,103.48,132.84,65.315,92.62,45.19,105.26,153.51,82.15,129.73,112.16,79.57,78.77,204.47,135.73,50.0714,52.95,59.31,62.96,50.6391,185.54,130.91,88.09,115.27,2017-05-31
2017-06-30,198.1,67.58,47.1,86.34,57.69,66.88,167.39,104.33,132.75,63.3045,92.76,42.71,111.51,153.4,91.4,129.11,109.08,82.3,77.53,208.19,133.24,53.6033,53.62,60.54,66.04,54.2158,191.62,132.95,87.15,107.37,2017-06-30
2017-07-31,196.33,73.06,49.13,88.98,73.82,68.45,173.56,109.19,131.67,66.1903,84.93,42.44,105.88,149.6,91.8,123.16,114.47,82.66,77.4,201.17,133.49,52.0599,52.72,60.48,68.45,58.5362,177.88,138.17,90.82,105.31,2017-07-31
2017-08-31,201.35,67.86,49.09,89.75,60.8,68.03,182.06,107.62,133.3,74.7176,82.83,38.97,98.25,149.87,90.89,123.29,122.9,81.29,73.89,204.32,138.53,51.0089,48.28,62.04,66.33,59.1762,171.62,139.16,92.27,104.92,2017-08-31
2017-09-29,205.58,73.48,53.88,81.64,56.07,72.74,186.94,117.5,128.61,77.3953,95.65,46.03,97.67,163.56,95.51,117.68,131.68,85.54,79.94,209.9,131.91,53.8022,42.67,62.75,72.34,59.8351,184.44,146.1,90.98,109.17,2017-09-29
2017-10-31,202.98,75.78,52.74,80.87,50.8,73.5,197.22,115.89,130.66,80.4717,88.23,42.74,92.59,165.78,100.61,112.51,139.32,81.94,79.95,230.19,126.53,54.2283,40.78,64.47,71.73,65.5579,163.93,143.43,86.34,106.18,2017-10-31
2017-11-30,207.16,76.55,55.71,78.1,60.1,75.5,211.73,118.99,135.92,81.8063,92.97,41.78,93.02,179.82,104.52,119.76,144.5,84.64,83.37,243.14,139.29,53.6033,30.97,65.53,70.33,68.6734,168.57,140.22,89.99,110.93,2017-11-30
2017-12-31,,,,,,,,,,,,,,,,,,,,,,,,,,,,,,,2017-12-31
2018-01-31,222.48,82.8,58.67,84.02,67.56,78.48,208.35,125.35,137.68,79.1458,104.07,53.7,94.57,200.9,115.67,117.0,159.38,81.45,104.73,250.5,141.69,59.5214,26.44,72.03,74.56,76.3728,181.42,142.17,86.34,110.33,2018-01-31
2018-02-28,222.45,76.17,59.85,76.25,81.55,75.49,195.89,111.92,130.45,68.0101,91.84,46.42,95.57,182.27,115.5,110.92,156.15,77.02,89.59,235.51,129.08,56.4251,25.69,67.79,71.59,70.1888,162.43,140.32,78.52,98.26,2018-02-28
2018-03-29,220.9,73.06,58.97,75.33,80.34,67.5,167.74,114.04,137.07,66.3549,89.84,46.94,84.3,178.24,109.97,110.13,161.28,77.37,87.75,219.52,133.11,50.5922,25.48,65.04,66.17,69.7652,153.11,140.33,79.28,98.96,2018-03-29
2018-04-30,201.31,70.64,62.14,71.24,74.55,68.27,171.82,125.11,144.77,69.0934,88.32,52.99,88.09,184.8,108.78,103.54,156.42,81.07,82.43,194.39,117.2,48.8215,27.63,69.5,63.67,76.1186,154.95,142.47,72.34,91.94,2018-04-30
2018-05-31,201.71,66.29,66.58,61.65,81.43,66.69,169.37,124.3,142.61,75.4715,90.79,49.74,86.75,186.55,107.01,100.85,150.47,85.04,95.01,197.23,120.83,50.6585,23.58,70.84,62.23,76.3916,144.75,139.87,73.17,90.04,2018-05-31
2018-06-29,186.41,62.25,65.91,68.04,94.5,66.92,169.95,126.43,140.33,77.3087,91.79,45.06,92.31,195.1,104.2,105.34,144.54,85.33,95.57,196.72,135.25,49.3139,25.79,73.84,61.96,76.7305,146.23,137.17,78.06,93.06,2018-06-29
2018-07-31,199.76,68.1,68.27,67.0,80.27,71.89,179.42,126.27,140.7,77.8893,97.31,42.42,99.61,197.52,114.95,113.86,164.95,98.81,99.34,212.32,135.17,50.8763,26.19,72.45,65.72,86.6606,131.1,143.55,80.88,98.21,2018-07-31
2018-08-31,193.4,65.58,69.03,66.74,78.58,71.24,188.34,118.46,150.48,74.0503,99.85,39.89,99.31,200.77,114.58,115.54,162.51,105.65,108.75,210.92,144.98,48.4239,21.72,74.37,68.42,86.7171,124.98,145.56,82.95,100.52,2018-08-31
2018-09-30,,,,,,,,,,,,,,,,,,,,,,,,,,,,,,,2018-09-30
2018-10-31,172.58,60.19,53.63,64.0,70.42,65.46,213.81,111.65,153.15,67.6635,97.92,34.68,91.71,175.88,109.02,104.3,148.71,108.44,95.22,190.26,148.45,42.9508,15.88,62.51,57.21,78.0106,109.76,156.18,88.68,107.15,2018-10-31
2018-11-30,184.89,62.97,56.14,65.77,69.39,64.79,223.38,118.94,160.49,71.7018,103.71,31.43,91.0,180.32,111.19,115.37,142.95,118.64,94.37,207.92,165.62,43.7368,23.4,68.55,62.22,76.514,126.13,165.11,94.51,108.3,2018-11-30
2018-12-31,157.21,51.31,45.99,56.16,60.31,52.06,189.92,108.79,147.35,64.0931,96.02,26.58,81.25,171.82,97.62,113.94,134.65,115.72,92.36,190.54,154.14,38.2164,18.59,65.82,57.14,67.1486,106.87,145.36,91.92,107.18,2018-12-31
2019-01-31,171.17,58.49,53.23,66.61,66.79,64.46,199.81,114.65,158.17,69.154,99.82,31.36,90.56,183.53,103.5,111.38,153.18,119.86,96.16,200.3,148.38,44.9109,21.21,72.49,65.52,79.2248,133.01,156.23,96.47,106.1,2019-01-31
2019-02-28,170.22,62.52,54.3,61.66,78.54,63.98,174.44,119.58,168.91,77.56,108.78,30.69,84.9,185.14,104.36,116.83,164.93,126.29,105.09,207.39,158.03,43.3864,16.21,74.73,67.8,82.2273,141.51,171.53,98.55,110.68,2019-02-28
2019-03-31,,,,,,,,,,,,,,,,,,,,,,,,,,,,,,,2019-03-31
2019-04-30,178.72,66.72,53.0,64.19,68.45,70.7,158.84,120.06,184.08,79.06,102.54,28.33,101.86,203.7,116.05,128.38,168.5,117.04,113.14,189.51,159.73,44.3238,14.37,76.3,71.67,88.8631,138.82,180.14,106.48,124.85,2019-04-30
2019-05-31,160.82,59.45,45.3,54.98,56.66,62.15,148.02,113.85,184.09,73.45,98.9,21.29,95.14,189.85,105.96,127.89,187.19,115.94,93.28,159.75,148.81,39.2674,13.43,73.44,65.82,81.88,114.88,180.07,102.91,131.96,2019-05-31
2019-06-30,,,,,,,,,,,,,,,,,,,,,,,,,,,,,,,2019-06-30
2019-07-31,185.94,65.34,49.3,53.99,72.78,71.16,169.92,123.11,201.73,86.42,97.12,23.0,121.16,213.69,116.0,135.65,207.6,108.95,101.4,174.72,162.6,41.5779,14.19,83.97,70.14,87.39,145.48,189.25,118.04,151.74,2019-07-31
2019-08-30,191.27,52.88,45.0,51.36,58.52,64.35,153.97,117.72,206.31,86.33,90.29,18.84,110.47,227.91,109.86,141.11,211.41,112.97,112.2,161.72,158.16,37.0233,16.6,87.95,65.56,81.95,139.09,194.85,120.23,158.48,2019-08-30
2019-09-30,182.73,60.32,48.96,57.5,66.11,69.08,151.79,118.6,198.04,87.68,99.59,18.85,118.69,232.02,117.69,142.05,208.64,111.83,109.96,164.4,151.87,39.5989,18.72,87.47,70.01,88.99,158.36,193.57,124.38,154.99,2019-09-30
2019-10-31,176.8,56.48,46.09,52.72,68.98,71.86,178.46,116.14,192.07,91.5,102.58,19.25,97.31,234.58,124.92,132.88,206.31,113.95,111.61,164.99,147.69,41.3601,19.0,76.7,76.06,82.29,152.12,193.16,124.51,146.87,2019-10-31
2019-11-29,181.74,59.05,46.24,50.48,71.8,75.12,199.92,117.13,186.67,97.96,104.37,20.99,101.7,220.51,131.76,136.34,201.09,117.35,117.31,169.77,148.23,43.8788,19.22,81.97,81.37,88.54,143.1,203.61,122.06,148.16,2019-11-29
2019-12-31,176.35,59.01,44.6,53.9,73.48,79.89,204.49,120.51,192.99,99.82,106.23,24.47,105.61,218.38,139.4,137.55,197.87,131.43,119.76,176.42,153.54,43.6042,19.22,83.62,79.1,99.66,147.53,208.29,124.9,146.98,2019-12-31
2020-01-31,175.44,54.48,45.93,55.58,60.72,74.41,192.38,107.14,196.11,95.59,93.57,21.81,101.87,228.1,132.36,143.24,221.33,139.64,116.24,158.66,157.31,38.5573,19.56,89.22,74.21,82.97,146.17,220.25,124.62,155.17,2020-01-31
2020-02-28,159.69,45.39,40.6,49.61,56.29,63.46,182.94,93.34,180.45,93.1,87.24,16.96,77.25,217.84,116.11,131.19,197.73,126.13,106.57,149.24,159.42,34.997,15.405,83.47,66.9,72.0,127.86,208.0,113.23,143.99,2020-02-28
2020-03-31,132.31,26.32,26.67,39.01,36.95,42.12,177.18,72.46,155.83,81.69,67.33,6.85,71.55,186.71,90.03,127.87,180.12,138.72,86.05,136.51,173.25,29.4766,13.27,81.19,61.13,54.08,85.8,165.04,110.0,132.5,2020-03-31
2020-04-30,130.62,35.47,26.36,41.01,29.48,48.56,195.78,92.0,193.5,91.9,79.28,10.5,72.21,219.83,95.76,138.48,193.7,154.64,104.75,151.92,186.44,32.4309,13.85,88.78,69.23,58.1,111.74,172.67,117.87,132.43,2020-04-30
2020-05-29,146.83,37.93,30.97,37.96,30.01,47.91,197.32,91.7,212.58,98.41,83.41,11.75,73.51,248.48,97.31,141.44,199.45,152.95,130.35,156.44,206.25,32.2415,13.17,90.01,73.86,56.1,121.82,196.95,115.92,135.68,2020-05-29
2020-06-30,149.46,36.79,32.91,34.36,25.79,51.1,187.65,89.23,198.95,99.62,86.96,12.98,74.95,250.51,94.06,141.35,169.67,164.18,135.12,155.99,219.37,33.3399,15.9,86.1,74.85,60.94,129.53,192.6,119.57,129.62,2020-06-30
2020-07-31,146.74,37.27,34.94,37.52,23.55,50.01,172.69,83.94,187.08,106.05,90.15,14.33,72.76,265.49,96.64,152.04,168.33,150.29,148.91,150.47,236.51,32.9422,16.39,86.38,85.08,60.36,163.12,205.22,131.12,145.41,2020-07-31
2020-08-31,149.35,36.05,39.43,37.64,30.21,51.12,177.37,83.93,197.08,106.86,94.44,16.18,78.94,285.04,100.19,157.76,180.74,148.39,164.69,163.02,223.5,34.3436,15.98,87.07,85.84,65.75,177.72,199.99,138.33,148.64,2020-08-31
2020-09-30,138.43,31.33,36.09,33.56,36.52,43.11,169.41,72.0,199.84,105.91,95.17,12.05,82.72,277.71,96.27,147.66,169.84,148.02,165.86,160.18,210.17,38.3868,17.17,80.42,85.28,70.25,183.89,206.3,138.99,143.34,2020-09-30
2020-10-30,131.33,35.1,35.8,35.26,44.73,41.42,166.97,69.5,183.59,102.74,90.43,12.06,82.72,266.71,98.04,132.59,161.11,130.46,158.1,159.96,207.25,41.4264,17.65,77.57,85.38,67.2,184.96,184.01,137.1,137.46,2020-10-30
2020-11-30,149.35,47.22,45.1,46.0,46.76,55.07,209.14,87.18,222.15,116.01,98.37,16.59,93.03,277.41,117.88,139.31,191.99,145.65,155.82,172.73,202.96,46.852,21.25,76.07,87.06,83.4,194.61,204.89,138.87,147.89,2020-11-30
2020-12-31,148.82,50.31,48.33,45.19,63.05,61.66,208.18,84.45,216.36,114.93,100.43,18.9,93.54,265.62,127.07,134.83,189.02,168.84,160.51,174.79,201.92,47.0793,21.23,80.24,86.28,85.41,180.49,211.27,139.14,152.33,2020-12-31
2021-01-29,146.68,45.49,45.26,50.16,87.81,57.99,217.05,85.2,204.51,108.29,93.88,17.63,93.82,270.82,128.67,132.1,171.51,207.97,166.85,175.66,209.46,47.6379,24.01,76.83,91.22,76.87,185.09,203.1,128.21,145.44,2021-01-29
2021-02-26,163.47,56.87,50.34,44.45,79.7,65.88,209.9,100.0,209.36,101.69,105.35,21.83,93.71,258.34,147.17,128.33,181.91,204.89,159.75,175.06,181.05,47.013,23.18,77.69,90.99,79.13,190.08,227.71,123.53,145.65,2021-02-26
2021-03-31,181.56,62.27,56.08,51.15,96.57,72.75,241.74,104.79,214.07,110.61,115.59,21.46,96.12,305.25,152.23,139.05,202.68,186.82,190.18,192.68,192.88,51.1982,26.79,84.34,92.92,79.92,220.35,230.11,135.43,158.16,2021-03-31
2021-04-30,190.23,64.13,64.24,54.95,98.91,71.24,249.01,103.07,224.12,118.24,124.97,19.56,99.45,323.67,153.81,133.32,209.23,182.77,196.25,197.14,182.5,54.9195,26.95,85.69,89.88,87.66,236.45,251.44,133.42,164.3,2021-04-30
2021-05-28,189.91,69.79,68.47,58.32,131.91,78.71,258.85,103.79,215.08,116.69,131.12,22.45,95.97,318.91,164.24,130.63,218.06,199.74,194.83,203.04,176.73,59.7486,28.685,82.12,91.56,79.72,237.09,253.37,134.85,173.05,2021-05-28
2021-06-30,188.26,62.84,68.77,53.69,180.88,70.75,237.07,104.74,205.97,108.2,126.47,23.12,94.52,318.89,155.54,133.78,216.15,229.52,193.97,198.63,179.91,58.0537,27.465,80.5,89.25,82.04,218.02,238.76,134.93,174.18,2021-06-30
2021-07-30,196.03,61.62,69.01,48.89,183.27,67.62,229.49,101.81,220.83,106.95,126.92,20.68,99.44,328.19,151.78,135.72,226.74,243.5,192.69,197.94,180.89,54.6923,24.73,77.35,82.99,80.2,221.54,260.03,142.23,178.88,2021-07-30
2021-08-31,200.31,68.65,72.67,47.53,190.46,71.91,211.65,96.77,225.36,93.63,122.19,19.98,98.31,326.18,159.95,137.81,233.01,258.29,203.89,194.74,168.05,56.8985,25.42,76.22,81.87,76.47,221.53,286.86,142.39,177.7,2021-08-31
2021-09-30,196.03,68.75,69.81,46.38,172.52,70.18,200.16,101.45,208.62,91.56,121.23,21.62,89.22,328.26,163.69,132.44,220.24,231.05,202.86,175.42,165.61,52.95,22.155,80.43,78.92,66.99,203.86,285.77,139.8,169.25,2021-09-30
2021-10-29,202.75,72.15,73.85,44.09,231.14,69.16,213.61,114.49,222.22,91.01,131.11,24.99,95.76,371.74,169.89,129.49,230.54,254.76,233.82,178.68,163.01,49.67,22.88,78.96,89.62,72.88,210.83,319.92,142.99,175.35,2021-10-29
2021-11-30,188.97,66.33,70.8,44.44,273.9,63.7,191.9,112.87,221.47,100.19,127.74,21.59,96.91,400.61,158.83,130.31,209.08,248.04,244.59,170.04,162.85,45.52,21.48,74.57,83.42,71.73,217.74,295.77,144.58,177.49,2021-11-30
2021-12-31,208.47,68.26,77.2,46.35,245.02,60.39,229.63,117.35,234.59,109.89,140.2,22.87,101.78,415.01,158.35,142.92,213.24,276.22,258.48,177.63,174.36,46.98,21.84,85.84,88.26,73.22,234.66,300.56,163.58,193.47,2021-12-31
2022-01-31,212.1,69.98,68.06,47.66,253.72,65.12,230.46,131.33,189.45,110.37,133.23,30.74,92.48,366.98,148.6,137.65,209.29,245.39,237.35,166.02,167.86,48.25,23.2,85.44,92.99,65.21,210.19,276.44,160.45,197.07,2022-01-31
2022-02-28,234.45,67.42,73.13,52.18,250.71,59.23,237.78,144.0,176.26,117.25,122.16,33.53,97.05,315.83,141.8,130.15,252.31,249.95,221.06,148.65,145.79,43.53,23.74,84.97,91.81,58.02,201.27,292.14,155.89,202.26,2022-02-28
2022-03-31,241.18,65.36,74.38,53.38,268.39,53.4,239.61,162.83,176.56,131.57,126.02,37.87,81.92,299.33,136.32,123.16,248.47,286.37,202.19,148.88,139.03,46.15,21.42,77.54,88.07,56.86,172.78,325.63,152.8,216.63,2022-03-31
2022-04-29,236.53,60.15,69.25,54.14,303.81,48.21,246.78,156.67,169.34,132.54,130.05,35.62,88.06,300.4,119.36,138.83,232.26,292.13,197.73,144.22,143.47,46.28,23.135,71.06,83.05,52.0,181.52,287.99,160.55,225.77,2022-04-29
2022-05-31,224.91,57.93,65.29,55.84,301.48,53.41,268.29,174.66,163.91,122.58,136.73,40.5,89.75,302.75,132.23,133.02,240.9,313.44,195.3,149.29,145.36,48.45,21.405,76.05,86.84,50.46,184.24,275.67,147.88,211.71,2022-05-31
2022-06-30,221.25,46.77,61.07,54.51,220.57,45.99,263.52,144.78,153.76,107.01,133.0,31.36,81.88,274.27,112.61,135.15,241.7,324.23,174.67,129.41,140.98,41.83,19.05,64.23,82.34,44.17,154.87,269.68,143.79,215.16,2022-06-30
2022-07-29,226.67,51.34,65.64,59.75,227.35,51.9,275.36,163.78,165.17,111.1,152.87,29.3,78.72,300.94,115.36,131.79,239.97,329.69,191.53,143.24,141.84,42.77,20.225,58.66,91.52,44.68,172.87,291.04,138.91,227.96,2022-07-29
2022-08-31,228.93,46.06,62.38,51.67,296.24,48.81,283.45,158.06,163.83,108.08,156.01,30.13,78.82,288.42,113.73,127.52,228.19,301.23,194.14,124.35,144.34,41.62,17.83,57.46,87.51,41.45,156.6,279.26,137.94,224.67,2022-08-31
2022-09-30,212.17,43.91,58.26,47.99,272.76,41.67,277.47,143.67,144.42,105.7,149.32,24.62,67.42,275.94,104.5,112.54,207.83,323.35,187.81,110.5,128.39,31.7,13.88,53.86,83.69,29.91,134.81,267.87,126.25,220.47,2022-09-30
2022-10-31,249.8,53.87,68.44,50.43,328.79,45.86,323.06,180.9,157.07,118.9,177.86,36.42,65.25,296.13,125.88,124.46,246.47,362.09,194.95,125.79,146.04,33.61,13.805,54.35,96.83,28.25,138.24,281.49,134.67,238.77,2022-10-31
2022-11-30,252.39,38.94,71.38,55.11,359.7,48.41,328.89,183.31,149.83,130.64,183.33,37.89,62.82,323.99,138.18,135.63,227.08,371.08,212.55,125.97,148.65,37.12,12.95,56.53,105.91,32.82,146.53,308.28,149.16,235.17,2022-11-30
2022-12-12,249.62,32.28,72.21,52.96,332.18,45.77,339.3,169.75,150.51,126.29,182.02,34.3,60.0,327.98,134.21,137.96,217.59,367.25,205.08,126.85,149.97,36.8,13.62,52.63,102.96,28.15,147.45,307.6,152.47,239.29,2022-12-12
